age,is_male,income,monthly_usage_hours,customer_service_calls,has_loyalty_card,churned,subscription_type_Premium,subscription_type_Standard,contract_length_Quarterly,contract_length_Yearly,payment_method_Cash,payment_method_Credit Card,payment_method_PayPal,region_North,region_South,region_West,engagement_score,high_value,risk_score,usage_per_age,low_engagement
56,1,75648,45,9,0,0,0,0,0,1,0,0,0,0,1,0,4.5,False,5,0.7894736842105263,0
69,1,133537,43,0,1,0,0,0,0,0,1,0,0,1,0,0,43.0,False,0,0.6142857142857143,0
46,1,39516,13,3,0,0,0,0,1,0,0,1,0,0,0,1,3.25,False,5,0.2765957446808511,1
32,0,142863,13,6,0,1,0,0,0,0,0,1,0,0,1,0,1.8571428571428572,False,5,0.3939393939393939,1
60,1,145005,60,8,0,0,1,0,1,0,0,0,0,0,0,1,6.666666666666667,True,7,0.9836065573770492,0
25,1,32396,57,4,0,0,0,1,1,0,0,0,1,0,1,0,11.4,False,5,2.1923076923076925,0
38,1,114082,86,1,1,0,1,0,0,0,0,0,0,0,0,1,43.0,True,0,2.2051282051282053,0
56,0,49129,92,6,0,0,0,0,0,1,1,0,0,0,1,0,13.142857142857142,False,5,1.6140350877192982,0
36,0,31591,52,9,0,0,0,0,0,0,0,0,0,0,0,0,5.2,False,5,1.4054054054054055,0
40,1,41303,53,0,1,0,0,1,0,0,0,0,0,0,0,1,53.0,False,0,1.2926829268292683,0
28,1,60561,86,6,1,1,0,0,1,0,1,0,0,0,1,0,12.285714285714286,False,4,2.9655172413793105,0
28,1,101719,43,5,1,0,0,0,1,0,0,0,0,0,1,0,7.166666666666667,False,2,1.4827586206896552,0
41,1,148618,83,6,1,0,0,1,0,0,0,1,0,0,0,0,11.857142857142858,False,2,1.9761904761904763,0
53,0,122108,72,9,0,0,0,0,0,0,0,0,1,0,0,0,7.2,False,5,1.3333333333333333,0
57,0,129616,72,2,0,0,0,1,0,0,0,0,0,0,0,0,24.0,False,3,1.2413793103448276,0
41,0,116231,42,2,1,0,0,1,0,0,1,0,0,0,0,1,14.0,False,0,1.0,0
20,0,37314,90,6,1,1,0,0,1,0,0,0,1,0,0,1,12.857142857142858,False,4,4.285714285714286,0
39,1,147071,26,1,0,0,0,0,0,0,1,0,0,0,0,0,13.0,False,3,0.65,1
19,1,49623,23,0,0,1,0,1,0,0,0,0,1,1,0,0,23.0,False,3,1.15,1
41,1,97675,43,8,0,0,0,0,0,0,0,0,1,1,0,0,4.777777777777778,False,5,1.0238095238095237,0
61,0,142992,77,8,0,0,0,0,0,0,0,0,0,0,1,0,8.555555555555555,False,5,1.2419354838709677,0
47,1,126826,28,6,0,0,1,0,0,0,0,1,0,1,0,0,4.0,True,5,0.5833333333333334,1
55,0,95082,9,6,1,0,0,0,1,0,0,0,0,0,1,0,1.2857142857142858,False,4,0.16071428571428573,1
19,0,113624,20,2,1,0,0,1,0,1,1,0,0,0,0,1,6.666666666666667,False,0,1.0,1
38,1,135228,56,9,0,0,1,0,1,0,1,0,0,0,0,1,5.6,True,7,1.435897435897436,0
50,1,63130,83,1,0,0,0,0,0,0,0,0,1,1,0,0,41.5,False,3,1.6274509803921569,0
29,1,81756,39,6,0,0,0,0,0,1,0,0,1,0,0,1,5.571428571428571,False,5,1.3,0
39,0,127624,51,8,0,0,0,0,1,0,0,1,0,0,0,0,5.666666666666667,False,7,1.275,0
61,1,56292,12,0,0,1,0,0,1,0,0,0,0,0,0,0,12.0,False,5,0.1935483870967742,1
42,0,141785,79,3,1,0,0,0,0,0,1,0,0,1,0,0,19.75,False,0,1.8372093023255813,0
66,1,116206,95,5,0,0,0,1,0,0,0,0,1,1,0,0,15.833333333333334,False,3,1.4179104477611941,0
44,0,99274,55,6,1,0,0,0,0,0,0,1,0,0,1,0,7.857142857142857,False,2,1.2222222222222223,0
59,0,32469,78,9,1,0,0,1,0,0,1,0,0,0,0,1,7.8,False,2,1.3,0
45,1,83947,11,6,0,0,1,0,0,0,0,0,1,0,1,0,1.5714285714285714,False,5,0.2391304347826087,1
33,0,52534,26,9,0,0,1,0,0,0,1,0,0,0,1,0,2.6,False,5,0.7647058823529411,1
32,0,93620,42,1,0,0,0,1,0,0,0,1,0,0,0,0,21.0,False,3,1.2727272727272727,0
64,1,78874,27,3,0,0,0,0,1,0,0,1,0,0,0,0,6.75,False,5,0.4153846153846154,1
68,0,79708,11,4,1,0,0,1,0,0,1,0,0,0,0,0,2.2,False,0,0.15942028985507245,1
61,1,104553,38,0,1,0,0,1,0,0,0,0,0,0,0,0,38.0,False,0,0.6129032258064516,0
69,0,98344,98,0,0,0,0,0,0,1,1,0,0,0,1,0,98.0,False,3,1.4,0
20,1,79138,43,9,0,0,0,0,0,1,0,0,1,0,0,0,4.3,False,5,2.0476190476190474,0
54,1,84302,19,2,0,0,1,0,1,0,0,0,0,0,0,1,6.333333333333333,False,5,0.34545454545454546,1
68,0,77638,64,9,0,1,0,0,0,1,0,0,1,0,0,0,6.4,False,5,0.927536231884058,0
24,0,108249,6,2,0,0,0,0,0,0,1,0,0,0,0,0,2.0,False,3,0.24,1
38,0,135865,46,7,0,0,0,0,0,1,0,0,0,0,0,0,5.75,False,5,1.1794871794871795,0
26,0,32719,42,8,1,0,0,0,0,0,0,0,1,1,0,0,4.666666666666667,False,2,1.5555555555555556,0
56,0,52890,92,0,0,0,1,0,0,0,1,0,0,0,0,1,92.0,False,3,1.6140350877192982,0
35,1,107236,65,1,0,0,0,1,0,0,1,0,0,0,0,1,32.5,False,3,1.8055555555555556,0
21,0,66509,99,9,1,0,0,1,0,0,0,0,0,0,1,0,9.9,False,2,4.5,0
42,1,72534,72,1,0,0,0,0,0,0,1,0,0,0,1,0,36.0,False,3,1.6744186046511629,0
31,1,132302,59,3,0,0,0,0,1,0,0,1,0,0,0,0,14.75,False,5,1.84375,0
67,0,122241,52,1,0,1,0,0,1,0,0,0,1,1,0,0,26.0,False,5,0.7647058823529411,0
26,1,48787,47,6,1,0,0,0,0,0,0,0,1,0,1,0,6.714285714285714,False,2,1.7407407407407407,0
43,1,78845,7,8,0,0,0,0,0,0,1,0,0,0,1,0,0.7777777777777778,False,5,0.1590909090909091,1
19,1,87932,11,6,1,0,0,1,1,0,1,0,0,0,0,0,1.5714285714285714,False,4,0.55,1
37,1,122124,61,5,0,0,0,0,1,0,0,1,0,0,0,0,10.166666666666666,False,5,1.605263157894737,0
45,0,121659,68,9,1,0,0,1,0,0,0,0,0,0,1,0,6.8,False,2,1.4782608695652173,0
64,1,63062,25,0,1,0,0,0,1,0,1,0,0,0,1,0,25.0,False,2,0.38461538461538464,1
24,0,105713,12,9,0,0,0,0,0,0,1,0,0,0,0,1,1.2,False,5,0.48,1
61,0,117263,26,8,0,0,0,0,0,0,1,0,0,1,0,0,2.888888888888889,False,5,0.41935483870967744,1
25,1,125756,12,4,1,0,1,0,0,1,1,0,0,0,0,1,2.4,True,0,0.46153846153846156,1
64,0,90461,43,4,1,0,1,0,0,0,0,0,1,0,1,0,8.6,False,0,0.6615384615384615,0
52,0,105418,51,5,0,0,1,0,0,0,1,0,0,0,0,1,8.5,True,3,0.9622641509433962,0
31,0,96672,37,8,0,0,0,0,0,1,0,0,1,0,0,1,4.111111111111111,False,5,1.15625,0
34,1,64832,46,7,0,0,0,0,1,0,1,0,0,0,1,0,5.75,False,7,1.3142857142857143,0
53,0,61966,53,7,1,0,0,1,0,0,0,0,0,0,0,0,6.625,False,2,0.9814814814814815,0
67,0,102545,88,7,0,0,0,0,0,0,0,1,0,0,1,0,11.0,False,5,1.2941176470588236,0
57,0,42987,80,0,1,0,1,0,0,0,0,0,0,0,0,0,80.0,False,0,1.3793103448275863,0
21,1,67311,13,0,1,0,0,0,1,0,1,0,0,0,1,0,13.0,False,2,0.5909090909090909,1
19,0,61575,89,7,0,0,0,0,0,0,1,0,0,0,1,0,11.125,False,5,4.45,0
23,1,93852,54,4,0,1,0,0,0,0,1,0,0,0,1,0,10.8,False,3,2.25,0
59,1,31007,57,8,0,0,0,0,0,1,0,0,0,1,0,0,6.333333333333333,False,5,0.95,0
21,1,100981,4,1,0,0,0,1,0,0,1,0,0,0,0,0,2.0,False,3,0.18181818181818182,1
46,1,106242,75,8,0,1,0,0,0,0,0,0,0,1,0,0,8.333333333333334,False,5,1.5957446808510638,0
35,1,77517,96,7,0,0,0,0,0,0,0,0,1,0,1,0,12.0,False,5,2.6666666666666665,0
43,1,140022,49,8,0,0,0,0,1,0,0,1,0,0,0,1,5.444444444444445,False,7,1.1136363636363635,0
61,0,59257,7,3,1,0,0,0,0,0,0,1,0,1,0,0,1.75,False,0,0.11290322580645161,1
51,1,117272,11,0,1,0,0,1,0,0,0,0,0,0,0,0,11.0,False,0,0.21153846153846154,1
27,0,72207,92,0,0,1,1,0,1,0,0,0,1,0,1,0,92.0,False,5,3.2857142857142856,0
53,0,43281,54,4,0,0,1,0,0,0,0,0,0,1,0,0,10.8,False,3,1.0,0
31,1,91246,87,1,1,1,0,1,0,0,0,0,1,0,0,1,43.5,False,0,2.71875,0
48,0,31435,45,7,0,0,0,0,0,0,1,0,0,1,0,0,5.625,False,5,0.9183673469387755,0
65,0,128875,23,9,1,1,0,1,0,0,0,0,1,0,0,0,2.3,False,2,0.3484848484848485,1
32,0,130686,28,4,0,0,0,0,0,0,0,0,1,1,0,0,5.6,False,3,0.8484848484848485,1
25,0,121357,57,4,1,0,0,0,0,0,0,0,1,0,0,1,11.4,False,0,2.1923076923076925,0
31,1,56660,26,1,0,0,1,0,0,0,0,1,0,0,0,1,13.0,False,3,0.8125,1
40,0,35084,25,6,0,0,0,0,0,0,0,0,1,0,0,0,3.5714285714285716,False,5,0.6097560975609756,1
57,1,112197,54,7,1,0,1,0,1,0,1,0,0,0,0,1,6.75,True,4,0.9310344827586207,0
38,0,43507,29,9,0,1,0,0,0,1,1,0,0,0,1,0,2.9,False,5,0.7435897435897436,1
33,0,102595,83,0,0,0,0,1,1,0,1,0,0,0,0,1,83.0,False,5,2.4411764705882355,0
62,1,113807,97,1,0,0,0,1,0,1,0,0,1,0,1,0,48.5,False,3,1.5396825396825398,0
35,0,75539,36,9,0,1,1,0,0,0,0,0,0,1,0,0,3.6,False,5,1.0,0
64,0,145953,14,3,0,0,0,1,0,1,0,0,0,0,1,0,3.5,False,3,0.2153846153846154,1
41,0,37491,78,4,1,0,0,1,0,0,1,0,0,0,1,0,15.6,False,0,1.8571428571428572,0
43,1,142831,35,1,0,0,0,0,0,1,0,1,0,1,0,0,17.5,False,3,0.7954545454545454,0
42,0,80192,30,0,1,0,0,1,0,1,0,0,0,0,0,1,30.0,False,0,0.6976744186046512,0
62,1,110395,92,8,1,0,0,0,1,0,0,0,1,0,1,0,10.222222222222221,False,4,1.4603174603174602,0
58,0,93888,17,0,1,0,0,1,0,1,0,0,0,0,0,1,17.0,False,0,0.288135593220339,1
46,1,103609,67,3,0,0,0,1,0,0,1,0,0,1,0,0,16.75,False,3,1.425531914893617,0
32,1,39077,80,1,0,1,0,1,0,0,0,1,0,0,0,0,40.0,False,3,2.4242424242424243,0
62,0,147440,30,3,1,0,0,0,0,0,0,0,0,0,0,1,7.5,False,0,0.47619047619047616,0
18,0,50953,93,7,1,0,0,0,0,0,0,0,0,0,0,1,11.625,False,2,4.894736842105263,0
42,1,106919,45,7,0,0,0,1,0,0,1,0,0,0,0,0,5.625,False,5,1.0465116279069768,0
24,1,144682,79,8,1,0,0,0,1,0,0,1,0,0,0,0,8.777777777777779,False,4,3.16,0
26,0,97889,89,4,1,1,0,0,0,1,0,1,0,1,0,0,17.8,False,0,3.2962962962962963,0
41,1,53821,51,6,1,0,0,0,0,0,1,0,0,0,0,1,7.285714285714286,False,2,1.2142857142857142,0
18,0,67567,47,2,0,0,1,0,1,0,0,0,1,0,0,1,15.666666666666666,False,5,2.473684210526316,0
61,0,145374,53,9,0,1,0,1,0,1,0,0,0,1,0,0,5.3,False,5,0.8548387096774194,0
25,0,54860,64,3,0,0,0,0,0,1,0,0,1,0,0,1,16.0,False,3,2.4615384615384617,0
41,0,51195,38,9,0,1,0,0,0,1,0,0,0,0,1,0,3.8,False,5,0.9047619047619048,0
28,1,107475,64,8,0,0,0,0,0,0,0,0,0,0,1,0,7.111111111111111,False,5,2.206896551724138,0
68,0,120874,87,9,0,0,0,1,0,1,0,0,1,0,1,0,8.7,False,5,1.2608695652173914,0
34,1,117266,89,9,0,0,0,1,1,0,1,0,0,0,0,1,8.9,False,7,2.5428571428571427,0
25,0,51427,7,0,0,0,0,0,0,0,1,0,0,0,1,0,7.0,False,3,0.2692307692307692,1
52,1,130732,22,1,1,0,0,0,0,0,0,0,0,0,1,0,11.0,False,0,0.41509433962264153,1
52,0,57083,81,4,1,0,0,0,1,0,1,0,0,1,0,0,16.2,False,2,1.528301886792453,0
50,1,117046,82,2,0,0,0,1,0,0,0,0,0,1,0,0,27.333333333333332,False,3,1.607843137254902,0
22,1,87372,41,1,0,0,0,1,1,0,1,0,0,0,0,0,20.5,False,5,1.7826086956521738,0
59,0,74064,74,0,0,0,0,0,1,0,0,0,0,0,0,0,74.0,False,5,1.2333333333333334,0
56,0,37813,10,9,0,1,0,0,0,0,1,0,0,0,0,0,1.0,False,5,0.17543859649122806,1
58,0,61598,57,2,0,0,0,0,0,0,0,1,0,0,0,0,19.0,False,3,0.9661016949152542,0
45,0,142718,7,0,1,0,1,0,1,0,0,0,1,1,0,0,7.0,True,2,0.15217391304347827,1
24,1,123106,50,0,0,1,0,0,0,0,0,1,0,1,0,0,50.0,False,3,2.0,0
26,0,57082,91,0,0,0,0,1,0,0,0,0,1,1,0,0,91.0,False,3,3.3703703703703702,0
25,1,59241,52,7,0,0,0,1,0,0,0,0,1,0,1,0,6.5,False,5,2.0,0
29,1,126214,33,2,0,1,0,0,0,0,0,0,0,0,1,0,11.0,False,3,1.1,0
51,0,74569,1,0,0,0,0,0,0,1,0,0,1,0,0,0,1.0,False,3,0.019230769230769232,1
50,1,41745,53,6,1,0,0,0,0,0,0,1,0,0,1,0,7.571428571428571,False,2,1.0392156862745099,0
65,1,56029,60,9,0,0,0,1,1,0,0,1,0,0,0,1,6.0,False,7,0.9090909090909091,0
40,1,43025,34,2,1,0,0,1,0,0,1,0,0,1,0,0,11.333333333333334,False,0,0.8292682926829268,0
41,1,131660,4,7,0,0,0,1,0,0,0,1,0,0,0,0,0.5,False,5,0.09523809523809523,1
54,0,44288,17,3,0,0,0,1,1,0,1,0,0,0,0,0,4.25,False,5,0.3090909090909091,1
52,0,119186,4,3,0,0,0,0,1,0,0,0,1,0,0,1,1.0,False,5,0.07547169811320754,1
61,0,36540,43,4,0,1,1,0,0,0,0,1,0,0,1,0,8.6,False,3,0.6935483870967742,0
57,0,127768,90,5,0,1,0,1,0,0,0,0,1,0,0,0,15.0,False,3,1.5517241379310345,0
39,1,111958,4,6,0,0,0,0,0,0,0,1,0,0,1,0,0.5714285714285714,False,5,0.1,1
44,1,98878,1,3,0,0,1,0,0,0,0,1,0,0,1,0,0.25,True,3,0.022222222222222223,1
52,0,71846,71,7,0,0,0,1,1,0,1,0,0,0,0,1,8.875,False,7,1.3396226415094339,0
18,0,131148,94,5,0,1,0,1,0,0,0,0,1,0,0,0,15.666666666666666,False,3,4.947368421052632,0
52,0,105932,50,0,0,0,0,1,0,0,0,1,0,0,1,0,50.0,False,3,0.9433962264150944,0
54,1,47482,73,0,1,1,1,0,0,0,0,0,0,0,1,0,73.0,False,0,1.3272727272727274,0
64,0,53411,61,8,0,0,0,1,0,1,0,0,1,0,0,1,6.777777777777778,False,5,0.9384615384615385,0
31,0,80975,35,9,0,1,0,0,0,1,0,0,1,0,0,1,3.5,False,5,1.09375,0
20,0,90545,8,5,1,1,0,0,0,0,0,0,1,0,1,0,1.3333333333333333,False,0,0.38095238095238093,1
18,1,142302,24,9,1,0,1,0,1,0,1,0,0,0,0,1,2.4,True,4,1.263157894736842,1
22,1,108797,83,7,1,0,0,0,0,0,0,0,0,0,1,0,10.375,False,2,3.608695652173913,0
43,1,82307,36,6,0,0,0,0,0,0,0,0,1,0,0,0,5.142857142857143,False,5,0.8181818181818182,0
31,1,33093,50,5,0,0,0,0,1,0,0,1,0,1,0,0,8.333333333333334,False,5,1.5625,0
56,1,107258,43,3,0,0,0,0,0,1,0,1,0,0,0,1,10.75,False,3,0.7543859649122807,0
44,1,52042,27,6,1,0,0,1,0,1,1,0,0,1,0,0,3.857142857142857,False,2,0.6,1
26,1,82930,32,8,0,1,1,0,0,0,0,1,0,0,1,0,3.5555555555555554,False,5,1.1851851851851851,0
32,1,147584,78,9,1,0,0,0,0,0,0,0,1,0,1,0,7.8,False,2,2.3636363636363638,0
32,0,74413,18,9,0,0,0,0,1,0,0,1,0,0,1,0,1.8,False,7,0.5454545454545454,1
43,0,143387,28,6,0,0,0,0,0,0,0,0,1,1,0,0,4.0,False,5,0.6363636363636364,1
59,1,123623,29,0,1,1,1,0,0,0,0,1,0,0,1,0,29.0,True,0,0.48333333333333334,1
30,1,127883,16,9,0,0,0,1,0,0,0,0,0,0,0,1,1.6,False,5,0.5161290322580645,1
68,0,63756,99,8,1,0,0,0,1,0,1,0,0,0,0,0,11.0,False,4,1.434782608695652,0
49,1,83268,47,3,0,0,1,0,0,0,1,0,0,0,0,0,11.75,False,3,0.94,0
56,1,69214,59,2,0,1,1,0,0,0,0,0,0,0,0,1,19.666666666666668,False,3,1.0350877192982457,0
66,1,111871,31,3,0,1,1,0,0,1,0,0,0,0,0,0,7.75,True,3,0.4626865671641791,0
69,0,58602,4,3,1,0,1,0,0,0,1,0,0,1,0,0,1.0,False,0,0.05714285714285714,1
49,0,83331,37,9,1,0,0,0,0,0,0,0,0,0,1,0,3.7,False,2,0.74,0
21,0,78901,17,1,0,0,0,1,0,0,0,0,1,0,1,0,8.5,False,3,0.7727272727272727,1
47,0,129986,39,0,1,0,0,0,0,0,0,1,0,0,1,0,39.0,False,0,0.8125,0
54,0,93416,48,9,0,0,1,0,0,0,1,0,0,1,0,0,4.8,True,5,0.8727272727272727,0
40,1,62196,46,0,0,0,0,1,0,0,0,0,0,1,0,0,46.0,False,3,1.1219512195121952,0
56,0,35626,90,7,1,0,0,1,0,1,0,0,1,1,0,0,11.25,False,2,1.5789473684210527,0
62,1,37424,48,1,1,0,0,1,0,0,1,0,0,0,0,1,24.0,False,0,0.7619047619047619,0
32,1,42857,39,9,0,1,0,0,0,1,0,0,0,1,0,0,3.9,False,5,1.1818181818181819,0
60,0,140459,4,4,0,1,0,1,0,0,1,0,0,0,0,0,0.8,False,3,0.06557377049180328,1
46,0,145621,30,3,0,0,1,0,0,0,0,0,0,0,0,1,7.5,True,3,0.6382978723404256,0
53,1,49982,30,7,0,1,1,0,0,0,1,0,0,0,0,1,3.75,False,5,0.5555555555555556,0
30,1,106961,22,1,0,0,0,0,0,0,0,0,1,0,0,1,11.0,False,3,0.7096774193548387,1
49,1,31980,75,9,1,1,0,0,1,0,0,0,1,1,0,0,7.5,False,4,1.5,0
24,0,78290,66,8,0,0,0,0,0,0,0,1,0,0,0,1,7.333333333333333,False,5,2.64,0
68,0,56431,12,6,0,0,0,1,0,0,1,0,0,1,0,0,1.7142857142857142,False,5,0.17391304347826086,1
39,0,114976,94,6,1,0,1,0,0,1,0,1,0,1,0,0,13.428571428571429,True,2,2.35,0
45,0,137288,36,0,1,1,0,0,0,1,1,0,0,0,0,1,36.0,False,0,0.782608695652174,0
19,0,112711,18,1,1,0,0,1,0,1,0,0,0,0,1,0,9.0,False,0,0.9,1
59,1,144187,90,3,1,0,1,0,0,0,0,0,0,0,1,0,22.5,True,0,1.5,0
62,0,56385,53,3,0,0,0,1,1,0,0,1,0,0,0,1,13.25,False,5,0.8412698412698413,0
23,1,68158,71,2,0,1,0,1,0,0,1,0,0,0,1,0,23.666666666666668,False,3,2.9583333333333335,0
45,1,53019,1,6,1,0,0,1,0,0,0,1,0,0,0,0,0.14285714285714285,False,2,0.021739130434782608,1
45,1,48639,58,7,0,0,0,1,0,0,0,0,1,0,0,0,7.25,False,5,1.2608695652173914,0
61,0,115530,90,1,0,0,0,0,0,0,0,1,0,1,0,0,45.0,False,3,1.4516129032258065,0
61,0,129911,87,3,0,0,0,1,0,0,0,1,0,0,1,0,21.75,False,3,1.403225806451613,0
37,0,51563,90,2,0,1,0,1,0,0,0,0,0,0,0,0,30.0,False,3,2.3684210526315788,0
47,1,69341,6,1,1,0,1,0,0,1,0,1,0,0,0,1,3.0,False,0,0.125,1
28,1,145672,70,5,0,0,0,1,0,0,1,0,0,0,1,0,11.666666666666666,False,3,2.413793103448276,0
45,1,35776,44,3,0,0,0,1,0,0,0,0,0,0,0,0,11.0,False,3,0.9565217391304348,0
42,1,66444,72,5,1,0,0,0,0,0,0,1,0,0,0,0,12.0,False,0,1.6744186046511629,0
56,1,98916,24,1,1,1,0,0,0,1,0,0,1,0,0,1,12.0,False,0,0.42105263157894735,1
50,1,38711,86,3,1,0,0,0,0,0,0,1,0,1,0,0,21.5,False,0,1.6862745098039216,0
18,0,104318,19,5,1,1,0,0,0,0,0,1,0,0,0,1,3.1666666666666665,False,0,1.0,1
44,0,112970,18,4,0,0,0,1,1,0,0,1,0,1,0,0,3.6,False,5,0.4,1
69,0,142301,95,2,0,0,1,0,1,0,0,0,0,0,0,0,31.666666666666668,True,5,1.3571428571428572,0
30,0,115553,30,7,0,0,0,0,0,0,1,0,0,1,0,0,3.75,False,5,0.967741935483871,0
58,1,60707,42,6,0,0,0,0,1,0,0,0,1,0,0,0,6.0,False,7,0.711864406779661,0
20,1,69110,33,2,0,0,1,0,1,0,0,1,0,0,0,0,11.0,False,5,1.5714285714285714,0
56,0,91788,74,5,0,0,0,0,1,0,1,0,0,0,1,0,12.333333333333334,False,5,1.2982456140350878,0
23,1,112879,12,3,0,0,0,1,0,0,1,0,0,1,0,0,3.0,False,3,0.5,1
25,0,68827,94,4,1,1,0,1,0,1,0,0,0,1,0,0,18.8,False,0,3.6153846153846154,0
44,0,137188,27,4,0,1,0,1,0,0,0,0,1,1,0,0,5.4,False,3,0.6,1
26,0,35655,39,6,0,0,0,0,0,0,0,0,0,0,0,1,5.571428571428571,False,5,1.4444444444444444,0
54,1,74859,9,4,1,0,0,0,0,0,1,0,0,0,1,0,1.8,False,0,0.16363636363636364,1
50,0,83625,21,2,0,1,0,1,0,0,1,0,0,0,1,0,7.0,False,3,0.4117647058823529,1
68,0,82098,76,9,0,0,0,1,0,0,1,0,0,0,1,0,7.6,False,5,1.1014492753623188,0
59,0,45251,29,4,0,0,0,0,1,0,0,0,0,0,0,1,5.8,False,5,0.48333333333333334,1
61,1,30526,33,6,0,0,0,1,0,0,0,0,1,1,0,0,4.714285714285714,False,5,0.532258064516129,0
41,1,98760,62,4,0,0,0,0,0,0,0,1,0,1,0,0,12.4,False,3,1.4761904761904763,0
32,0,77837,15,4,0,0,0,1,0,0,0,0,0,1,0,0,3.0,False,3,0.45454545454545453,1
49,1,41536,2,8,0,0,0,0,0,0,1,0,0,0,1,0,0.2222222222222222,False,5,0.04,1
49,1,58541,52,2,0,0,1,0,0,1,0,0,0,0,1,0,17.333333333333332,False,3,1.04,0
41,1,109083,44,5,0,1,0,0,0,0,1,0,0,0,0,0,7.333333333333333,False,3,1.0476190476190477,0
58,1,81027,54,0,0,0,0,0,0,0,0,1,0,0,0,1,54.0,False,3,0.9152542372881356,0
69,1,64531,18,9,0,0,0,0,0,0,0,1,0,0,0,1,1.8,False,5,0.2571428571428571,1
66,1,38712,3,4,0,0,0,0,0,0,0,0,1,0,1,0,0.6,False,3,0.04477611940298507,1
66,1,134101,7,7,0,0,1,0,0,0,1,0,0,0,0,0,0.875,True,5,0.1044776119402985,1
69,1,95455,43,4,1,0,1,0,1,0,0,0,1,1,0,0,8.6,True,2,0.6142857142857143,0
29,1,104744,82,8,1,0,0,0,0,1,0,0,1,0,1,0,9.11111111111111,False,2,2.7333333333333334,0
56,1,35109,38,5,1,0,0,0,0,0,0,1,0,0,0,1,6.333333333333333,False,0,0.6666666666666666,0
19,0,79268,37,7,0,0,0,1,1,0,0,0,0,0,0,1,4.625,False,7,1.85,0
20,0,130737,58,9,1,0,1,0,1,0,0,0,0,0,0,1,5.8,True,4,2.761904761904762,0
66,1,84615,33,7,1,0,0,1,1,0,0,0,1,1,0,0,4.125,False,4,0.4925373134328358,0
54,0,112503,59,2,0,0,0,0,0,0,0,1,0,0,0,1,19.666666666666668,False,3,1.0727272727272728,0
66,0,59759,95,6,0,0,0,0,0,0,1,0,0,1,0,0,13.571428571428571,False,5,1.4179104477611941,0
34,1,115708,11,6,0,0,0,1,0,0,0,0,0,1,0,0,1.5714285714285714,False,5,0.3142857142857143,1
66,1,90112,68,9,1,0,0,0,1,0,0,0,1,1,0,0,6.8,False,4,1.0149253731343284,0
19,1,132471,82,5,0,1,0,1,1,0,0,0,0,0,1,0,13.666666666666666,False,5,4.1,0
19,0,56589,68,6,0,0,0,0,0,0,0,0,0,1,0,0,9.714285714285714,False,5,3.4,0
45,0,60015,98,1,0,0,0,1,0,0,1,0,0,0,0,0,49.0,False,3,2.130434782608696,0
40,1,59009,93,8,0,1,0,0,0,1,0,1,0,0,0,1,10.333333333333334,False,5,2.268292682926829,0
54,1,113309,88,9,0,0,0,1,1,0,1,0,0,0,1,0,8.8,False,7,1.6,0
49,1,92046,22,9,1,0,0,0,0,1,0,1,0,0,0,1,2.2,False,2,0.44,1
50,0,136661,66,0,1,0,0,1,1,0,0,0,0,1,0,0,66.0,False,2,1.2941176470588236,0
18,0,56143,44,0,1,1,0,0,0,0,0,0,1,0,1,0,44.0,False,0,2.3157894736842106,0
36,0,36154,6,2,0,0,0,1,0,0,1,0,0,0,0,0,2.0,False,3,0.16216216216216217,1
19,0,51804,42,2,0,0,0,1,1,0,0,1,0,1,0,0,14.0,False,5,2.1,0
61,1,71688,25,0,0,0,0,1,0,0,0,0,0,0,0,1,25.0,False,3,0.4032258064516129,1
43,1,94288,57,6,1,0,0,1,0,0,0,1,0,0,0,0,8.142857142857142,False,2,1.2954545454545454,0
49,1,81195,85,3,0,0,0,1,1,0,0,1,0,1,0,0,21.25,False,5,1.7,0
23,1,50581,55,9,0,0,1,0,0,0,0,1,0,0,0,0,5.5,False,5,2.2916666666666665,0
49,0,82648,16,1,0,0,0,0,1,0,0,0,0,1,0,0,8.0,False,5,0.32,1
21,0,60087,95,9,0,0,1,0,0,0,0,0,1,0,1,0,9.5,False,5,4.318181818181818,0
28,1,79930,14,4,1,0,0,0,0,1,0,0,1,1,0,0,2.8,False,0,0.4827586206896552,1
34,1,62981,39,5,0,1,0,0,0,0,0,0,1,0,1,0,6.5,False,3,1.1142857142857143,0
55,0,99298,28,8,0,0,0,0,0,0,0,1,0,1,0,0,3.111111111111111,False,5,0.5,1
41,1,76167,96,3,1,0,0,0,1,0,0,0,0,1,0,0,24.0,False,2,2.2857142857142856,0
22,0,105304,92,1,1,0,0,1,0,0,0,1,0,0,0,1,46.0,False,0,4.0,0
69,1,73408,51,4,0,1,0,1,1,0,0,0,1,0,0,0,10.2,False,5,0.7285714285714285,0
51,1,69499,49,2,0,0,0,1,1,0,0,0,1,0,0,0,16.333333333333332,False,5,0.9423076923076923,0
23,1,82269,9,1,0,1,0,1,0,0,0,0,0,0,0,0,4.5,False,3,0.375,1
39,1,68559,58,0,1,1,0,0,0,0,0,1,0,1,0,0,58.0,False,0,1.45,0
28,1,144126,45,9,0,0,0,0,0,0,1,0,0,1,0,0,4.5,False,5,1.5517241379310345,0
65,1,104319,22,1,0,0,0,0,0,0,1,0,0,1,0,0,11.0,False,3,0.3333333333333333,1
33,1,141925,32,5,0,0,0,0,0,1,0,0,1,0,1,0,5.333333333333333,False,3,0.9411764705882353,0
50,0,125317,69,7,0,1,0,0,1,0,0,0,0,0,1,0,8.625,False,7,1.3529411764705883,0
26,0,126347,87,2,1,0,0,0,1,0,0,1,0,0,0,1,29.0,False,2,3.2222222222222223,0
23,0,78787,69,8,0,1,0,1,1,0,0,1,0,1,0,0,7.666666666666667,False,7,2.875,0
33,0,65488,42,8,0,0,0,1,0,0,0,0,1,0,0,0,4.666666666666667,False,5,1.2352941176470589,0
46,0,104441,53,1,0,0,1,0,0,1,0,0,1,0,0,0,26.5,True,3,1.127659574468085,0
20,1,104663,96,7,0,0,1,0,1,0,0,1,0,0,0,1,12.0,True,7,4.571428571428571,0
37,1,52431,59,9,0,0,0,1,1,0,0,1,0,0,0,0,5.9,False,7,1.5526315789473684,0
53,0,91681,74,4,0,1,0,0,0,1,0,0,1,0,0,1,14.8,False,3,1.3703703703703705,0
36,1,93483,39,3,0,0,0,1,0,0,0,1,0,1,0,0,9.75,False,3,1.054054054054054,0
43,0,79153,15,9,0,0,0,1,1,0,1,0,0,0,0,0,1.5,False,7,0.3409090909090909,1
20,0,36368,71,4,0,0,0,0,0,0,0,0,1,1,0,0,14.2,False,3,3.380952380952381,0
36,1,57424,29,3,0,0,0,0,0,0,0,1,0,0,1,0,7.25,False,3,0.7837837837837838,1
37,1,142360,3,7,0,1,1,0,0,0,0,0,1,0,0,0,0.375,True,5,0.07894736842105263,1
49,1,75004,83,3,0,0,0,0,0,1,0,0,0,0,1,0,20.75,False,3,1.66,0
24,0,113869,10,9,1,0,0,1,0,1,0,0,1,0,0,0,1.0,False,2,0.4,1
69,1,118652,92,5,0,0,0,1,1,0,0,0,1,1,0,0,15.333333333333334,False,5,1.3142857142857143,0
58,0,142755,29,1,1,1,0,0,1,0,0,0,0,0,0,1,14.5,False,2,0.4915254237288136,1
50,0,86985,79,4,0,1,0,0,0,0,1,0,0,1,0,0,15.8,False,3,1.5490196078431373,0
57,0,80069,35,5,0,0,0,0,0,1,0,1,0,1,0,0,5.833333333333333,False,3,0.603448275862069,0
56,1,82326,6,4,0,0,0,0,0,0,0,0,0,1,0,0,1.2,False,3,0.10526315789473684,1
35,1,138737,12,1,0,0,0,0,0,0,0,0,1,0,0,0,6.0,False,3,0.3333333333333333,1
57,0,111061,38,6,0,1,1,0,0,0,0,1,0,0,0,1,5.428571428571429,True,5,0.6551724137931034,0
18,1,53398,77,3,0,0,0,0,1,0,0,0,0,0,1,0,19.25,False,5,4.052631578947368,0
28,1,128393,93,7,1,0,0,1,1,0,0,1,0,1,0,0,11.625,False,4,3.206896551724138,0
45,1,80861,19,6,0,0,0,0,0,0,0,1,0,0,0,0,2.7142857142857144,False,5,0.41304347826086957,1
42,0,105897,67,6,1,0,1,0,0,0,0,0,0,0,1,0,9.571428571428571,True,2,1.558139534883721,0
67,0,111905,8,8,0,0,0,0,1,0,0,1,0,1,0,0,0.8888888888888888,False,7,0.11764705882352941,1
40,1,98577,8,0,0,0,0,0,0,0,1,0,0,0,1,0,8.0,False,3,0.1951219512195122,1
48,0,95641,84,9,0,0,1,0,1,0,0,0,0,1,0,0,8.4,True,7,1.7142857142857142,0
47,1,39078,47,5,1,1,1,0,0,1,1,0,0,0,1,0,7.833333333333333,False,0,0.9791666666666666,0
59,1,55003,4,5,1,0,0,0,0,0,0,0,1,0,1,0,0.6666666666666666,False,0,0.06666666666666667,1
52,1,92768,51,5,0,0,1,0,0,0,0,1,0,0,0,1,8.5,True,3,0.9622641509433962,0
24,1,81047,85,5,0,0,0,0,1,0,0,0,1,0,0,1,14.166666666666666,False,5,3.4,0
33,0,101626,67,9,0,0,0,0,1,0,0,0,1,1,0,0,6.7,False,7,1.9705882352941178,0
43,0,87660,45,6,0,0,0,0,0,0,0,1,0,0,0,0,6.428571428571429,False,5,1.0227272727272727,0
65,0,134386,8,9,0,0,0,0,0,1,0,0,0,0,0,1,0.8,False,5,0.12121212121212122,1
69,1,79786,87,5,1,0,0,1,0,0,0,1,0,0,1,0,14.5,False,0,1.2428571428571429,0
66,1,31925,16,0,0,0,0,0,0,0,0,0,1,0,0,1,16.0,False,3,0.23880597014925373,1
19,1,113976,77,2,0,1,0,0,1,0,0,0,1,0,0,1,25.666666666666668,False,5,3.85,0
18,0,135221,67,1,1,1,0,1,0,1,0,0,0,1,0,0,33.5,False,0,3.526315789473684,0
65,1,147832,9,5,0,0,0,1,0,0,0,1,0,0,0,1,1.5,False,3,0.13636363636363635,1
29,0,56015,60,7,1,1,0,0,1,0,0,0,1,0,0,1,7.5,False,4,2.0,0
22,0,63320,78,2,0,0,0,1,0,0,1,0,0,0,1,0,26.0,False,3,3.391304347826087,0
54,0,94881,77,9,1,0,0,0,0,0,0,0,1,0,0,1,7.7,False,2,1.4,0
49,0,120827,71,7,0,0,0,1,0,0,0,0,1,0,1,0,8.875,False,5,1.42,0
26,0,132215,15,7,1,0,0,1,0,1,0,0,0,0,0,1,1.875,False,2,0.5555555555555556,1
58,0,56289,71,4,0,0,1,0,0,0,1,0,0,0,0,1,14.2,False,3,1.2033898305084745,0
52,1,33389,98,7,0,1,0,0,0,0,0,0,1,0,0,0,12.25,False,5,1.849056603773585,0
36,1,55683,41,5,0,0,0,0,0,0,0,0,1,0,0,1,6.833333333333333,False,3,1.1081081081081081,0
65,0,43629,22,4,0,0,0,0,0,1,1,0,0,0,1,0,4.4,False,3,0.3333333333333333,1
33,0,91550,24,8,0,0,0,0,1,0,0,1,0,0,1,0,2.6666666666666665,False,7,0.7058823529411765,1
20,1,54826,44,6,1,0,0,0,1,0,0,1,0,1,0,0,6.285714285714286,False,4,2.0952380952380953,0
37,0,130734,1,7,0,0,1,0,0,0,0,0,1,1,0,0,0.125,True,5,0.02631578947368421,1
41,0,56630,10,0,1,1,0,0,1,0,0,0,1,0,0,0,10.0,False,2,0.23809523809523808,1
50,1,128762,80,1,0,0,0,0,0,0,0,1,0,0,1,0,40.0,False,3,1.5686274509803921,0
41,0,76163,72,7,0,1,0,1,1,0,0,0,0,0,1,0,9.0,False,7,1.7142857142857142,0
69,0,128511,56,8,0,0,0,0,0,1,1,0,0,0,1,0,6.222222222222222,False,5,0.8,0
28,0,96435,89,3,0,0,0,1,0,0,1,0,0,0,0,0,22.25,False,3,3.0689655172413794,0
66,1,41653,50,9,1,0,0,0,1,0,0,0,0,0,1,0,5.0,False,4,0.746268656716418,0
25,1,57961,12,9,1,0,0,0,0,0,0,0,0,1,0,0,1.2,False,2,0.46153846153846156,1
53,1,111941,89,8,1,1,0,0,0,0,0,0,0,0,0,0,9.88888888888889,False,2,1.6481481481481481,0
55,0,104137,81,3,0,0,0,0,0,0,0,0,0,1,0,0,20.25,False,3,1.4464285714285714,0
57,0,63662,60,9,1,1,1,0,0,0,0,0,0,1,0,0,6.0,False,2,1.0344827586206897,0
37,1,128818,26,9,1,1,0,0,0,0,0,0,0,0,0,0,2.6,False,2,0.6842105263157895,1
52,0,86446,78,9,0,0,0,1,1,0,1,0,0,0,0,1,7.8,False,7,1.471698113207547,0
65,0,51288,41,8,0,0,0,0,0,0,0,0,0,0,0,1,4.555555555555555,False,5,0.6212121212121212,0
42,0,125081,36,6,0,0,0,0,1,0,0,1,0,1,0,0,5.142857142857143,False,7,0.8372093023255814,0
52,0,66877,23,1,0,0,1,0,0,0,0,0,0,0,0,1,11.5,False,3,0.4339622641509434,1
42,0,141562,43,8,1,0,0,0,0,0,0,0,0,0,1,0,4.777777777777778,False,2,1.0,0
46,1,45313,6,3,0,0,0,1,1,0,1,0,0,0,0,0,1.5,False,5,0.1276595744680851,1
35,0,110885,69,7,0,1,1,0,0,0,1,0,0,1,0,0,8.625,True,5,1.9166666666666667,0
63,1,102715,43,6,1,0,0,1,0,0,0,0,0,0,1,0,6.142857142857143,False,2,0.671875,0
35,0,40326,25,6,1,0,1,0,1,0,1,0,0,0,0,1,3.5714285714285716,False,4,0.6944444444444444,1
19,1,140091,18,7,0,0,0,0,0,0,0,0,1,0,1,0,2.25,False,5,0.9,1
52,0,31560,62,0,0,0,0,0,0,0,1,0,0,0,0,1,62.0,False,3,1.169811320754717,0
33,1,109148,13,4,1,0,0,0,0,0,1,0,0,1,0,0,2.6,False,0,0.38235294117647056,1
58,0,113186,43,1,0,0,0,1,0,1,1,0,0,0,1,0,21.5,False,3,0.7288135593220338,0
53,1,56745,78,1,0,0,1,0,1,0,1,0,0,0,0,0,39.0,False,5,1.4444444444444444,0
50,0,61890,28,0,0,0,0,0,1,0,0,1,0,1,0,0,28.0,False,5,0.5490196078431373,1
21,1,50022,18,4,0,0,0,1,1,0,0,1,0,0,1,0,3.6,False,5,0.8181818181818182,1
50,0,82579,59,1,0,0,0,0,0,0,0,1,0,0,1,0,29.5,False,3,1.1568627450980393,0
31,1,100316,60,3,0,0,0,1,0,0,0,0,0,0,0,1,15.0,False,3,1.875,0
38,1,113847,63,2,0,0,0,0,1,0,0,0,0,1,0,0,21.0,False,5,1.6153846153846154,0
65,0,58380,57,2,0,0,1,0,0,0,0,0,1,1,0,0,19.0,False,3,0.8636363636363636,0
37,0,140198,92,1,0,0,0,1,0,0,0,1,0,1,0,0,46.0,False,3,2.4210526315789473,0
25,1,32356,51,5,0,0,0,0,0,0,0,0,0,1,0,0,8.5,False,3,1.9615384615384615,0
24,0,100326,56,1,0,0,0,0,0,0,1,0,0,0,0,1,28.0,False,3,2.24,0
20,1,122447,27,7,0,0,0,0,0,1,1,0,0,0,0,0,3.375,False,5,1.2857142857142858,1
34,1,144994,32,7,1,0,0,0,0,0,0,1,0,1,0,0,4.0,False,2,0.9142857142857143,0
50,1,119899,9,4,0,0,0,0,0,0,0,0,1,0,0,1,1.8,False,3,0.17647058823529413,1
65,0,50049,96,9,0,0,1,0,0,0,0,0,1,0,0,0,9.6,False,5,1.4545454545454546,0
29,1,105717,84,6,0,0,0,1,0,1,1,0,0,0,0,0,12.0,False,5,2.8,0
68,1,135361,92,3,1,1,0,1,0,0,0,0,1,0,0,1,23.0,False,0,1.3333333333333333,0
39,0,46082,97,0,0,0,0,0,0,0,0,1,0,1,0,0,97.0,False,3,2.425,0
39,0,30661,68,1,0,0,1,0,1,0,1,0,0,0,0,0,34.0,False,5,1.7,0
63,0,67412,46,9,1,0,0,1,1,0,0,0,0,1,0,0,4.6,False,4,0.71875,0
47,0,144015,98,9,0,0,0,0,0,0,0,0,0,1,0,0,9.8,False,5,2.0416666666666665,0
55,1,32920,67,3,1,0,0,1,0,0,0,0,1,0,1,0,16.75,False,0,1.1964285714285714,0
55,1,121194,26,0,1,1,0,1,0,0,1,0,0,1,0,0,26.0,False,0,0.4642857142857143,1
62,1,144306,8,7,0,0,0,0,0,0,1,0,0,0,1,0,1.0,False,5,0.12698412698412698,1
68,1,90315,6,8,0,0,0,0,0,0,0,0,0,0,0,0,0.6666666666666666,False,5,0.08695652173913043,1
25,0,109561,80,3,0,0,0,0,0,0,1,0,0,0,0,1,20.0,False,3,3.076923076923077,0
44,1,38946,24,9,1,1,0,0,0,0,1,0,0,0,1,0,2.4,False,2,0.5333333333333333,1
44,1,124242,48,2,0,0,1,0,0,0,1,0,0,0,0,1,16.0,True,3,1.0666666666666667,0
51,0,75500,94,1,1,0,1,0,1,0,0,0,1,0,0,0,47.0,False,2,1.8076923076923077,0
38,1,134540,45,4,1,0,0,1,0,1,1,0,0,1,0,0,9.0,False,0,1.1538461538461537,0
47,1,46309,13,2,1,0,0,0,1,0,0,1,0,0,0,0,4.333333333333333,False,2,0.2708333333333333,1
50,1,85230,69,9,0,0,0,0,0,0,0,0,1,0,0,1,6.9,False,5,1.3529411764705883,0
45,1,141822,25,6,0,0,0,1,0,0,1,0,0,0,0,0,3.5714285714285716,False,5,0.5434782608695652,1
64,1,128656,20,5,0,0,0,1,0,1,1,0,0,1,0,0,3.3333333333333335,False,3,0.3076923076923077,1
50,1,60027,82,0,0,0,0,0,0,0,0,1,0,0,0,0,82.0,False,3,1.607843137254902,0
22,0,102541,82,7,1,1,0,1,0,0,0,0,1,1,0,0,10.25,False,2,3.5652173913043477,0
65,0,142340,66,1,0,0,1,0,0,0,0,0,0,0,1,0,33.0,True,3,1.0,0
36,1,144846,74,4,0,0,0,0,1,0,0,0,0,0,0,1,14.8,False,5,2.0,0
21,1,89321,45,8,0,0,0,0,1,0,0,0,1,1,0,0,5.0,False,7,2.0454545454545454,0
52,0,30956,47,7,1,0,0,1,0,0,1,0,0,1,0,0,5.875,False,2,0.8867924528301887,0
66,1,130375,63,1,0,1,0,0,0,0,1,0,0,0,0,0,31.5,False,3,0.9402985074626866,0
34,1,104131,76,8,0,1,0,0,0,1,0,0,0,0,1,0,8.444444444444445,False,5,2.1714285714285713,0
61,1,77908,77,4,0,0,0,0,0,0,0,0,0,1,0,0,15.4,False,3,1.2419354838709677,0
45,0,108339,55,9,0,0,0,0,1,0,0,0,0,0,1,0,5.5,False,7,1.1956521739130435,0
47,1,55963,75,5,1,0,0,1,1,0,0,1,0,0,1,0,12.5,False,2,1.5625,0
46,0,131757,19,2,0,0,0,1,1,0,0,0,0,0,0,0,6.333333333333333,False,5,0.40425531914893614,1
63,1,69443,35,2,1,0,0,0,0,0,0,1,0,1,0,0,11.666666666666666,False,0,0.546875,0
23,0,129259,53,9,0,1,1,0,0,0,0,0,1,0,0,0,5.3,True,5,2.2083333333333335,0
52,0,69063,26,7,0,1,1,0,0,0,1,0,0,0,0,1,3.25,False,5,0.49056603773584906,1
58,1,144225,14,9,1,0,1,0,0,1,0,0,0,0,0,1,1.4,True,2,0.23728813559322035,1
54,0,146400,45,9,0,0,0,0,0,1,1,0,0,1,0,0,4.5,False,5,0.8181818181818182,0
41,1,110818,44,1,0,0,0,0,0,0,1,0,0,0,1,0,22.0,False,3,1.0476190476190477,0
46,0,34703,88,1,1,0,1,0,0,0,0,0,0,1,0,0,44.0,False,0,1.872340425531915,0
66,1,95128,65,4,0,0,0,1,0,1,0,0,0,1,0,0,13.0,False,3,0.9701492537313433,0
63,1,102099,51,5,1,0,0,0,1,0,0,0,1,0,0,1,8.5,False,2,0.796875,0
48,0,55849,43,1,0,0,0,0,0,1,0,1,0,0,0,1,21.5,False,3,0.8775510204081632,0
52,1,61860,86,4,0,0,0,0,0,0,0,1,0,0,1,0,17.2,False,3,1.6226415094339623,0
50,1,61585,23,6,0,1,1,0,0,0,1,0,0,0,1,0,3.2857142857142856,False,5,0.45098039215686275,1
69,0,52015,56,9,0,1,0,1,1,0,0,0,0,1,0,0,5.6,False,7,0.8,0
38,1,107539,19,9,0,0,0,0,1,0,0,0,1,0,0,0,1.9,False,7,0.48717948717948717,1
49,1,73585,82,7,0,0,0,0,0,0,0,0,1,1,0,0,10.25,False,5,1.64,0
40,0,56958,76,6,1,0,0,1,0,0,0,0,1,0,1,0,10.857142857142858,False,2,1.853658536585366,0
50,0,56017,55,7,0,0,1,0,0,0,0,0,1,0,0,0,6.875,False,5,1.0784313725490196,0
20,1,106707,92,8,0,0,0,0,0,0,0,0,1,0,0,1,10.222222222222221,False,5,4.380952380952381,0
35,1,75350,92,4,1,1,0,1,0,0,0,1,0,0,1,0,18.4,False,0,2.5555555555555554,0
42,0,42201,60,4,0,0,1,0,0,1,0,1,0,0,1,0,12.0,False,3,1.3953488372093024,0
59,0,59426,59,9,0,0,0,0,0,0,0,1,0,0,0,0,5.9,False,5,0.9833333333333333,0
48,1,47778,33,3,0,0,0,1,1,0,0,0,0,0,1,0,8.25,False,5,0.673469387755102,0
20,0,75241,19,8,1,0,0,0,0,0,1,0,0,0,1,0,2.111111111111111,False,2,0.9047619047619048,1
57,1,72229,28,4,1,0,0,1,1,0,0,0,1,0,1,0,5.6,False,2,0.4827586206896552,1
63,1,116652,52,1,1,0,0,1,0,1,0,0,0,0,1,0,26.0,False,0,0.8125,0
41,1,148402,49,9,0,0,0,1,0,0,0,0,1,0,1,0,4.9,False,5,1.1666666666666667,0
67,1,78364,37,7,1,0,0,1,0,0,0,1,0,0,1,0,4.625,False,2,0.5441176470588235,0
49,1,128833,26,6,0,0,0,0,0,0,0,0,0,0,1,0,3.7142857142857144,False,5,0.52,1
64,0,114878,99,7,1,0,1,0,0,0,0,1,0,0,1,0,12.375,True,2,1.523076923076923,0
39,0,87056,98,2,0,1,0,1,1,0,0,0,1,0,0,1,32.666666666666664,False,5,2.45,0
40,0,57490,99,3,0,1,0,0,0,1,0,0,1,0,1,0,24.75,False,3,2.4146341463414633,0
19,0,49975,40,4,0,0,0,1,0,0,1,0,0,0,0,1,8.0,False,3,2.0,0
44,1,56723,80,5,1,0,0,1,0,0,0,0,1,0,0,1,13.333333333333334,False,0,1.7777777777777777,0
59,1,53279,38,0,0,0,0,0,0,0,0,1,0,1,0,0,38.0,False,3,0.6333333333333333,0
19,1,108301,77,3,1,0,1,0,1,0,0,0,1,1,0,0,19.25,True,2,3.85,0
43,1,142214,87,9,0,0,1,0,0,0,1,0,0,0,0,1,8.7,True,5,1.9772727272727273,0
34,0,41561,54,4,0,0,0,0,0,0,1,0,0,0,0,1,10.8,False,3,1.542857142857143,0
57,1,137435,22,6,1,0,1,0,1,0,0,1,0,0,1,0,3.142857142857143,True,4,0.3793103448275862,1
50,1,96061,16,4,0,0,0,0,1,0,0,0,0,1,0,0,3.2,False,5,0.3137254901960784,1
26,0,118397,28,0,0,1,0,0,0,0,0,0,1,0,0,0,28.0,False,3,1.037037037037037,1
60,0,79153,35,6,1,1,0,0,1,0,1,0,0,1,0,0,5.0,False,4,0.5737704918032787,0
65,0,63142,60,7,0,0,1,0,0,0,0,0,1,0,0,1,7.5,False,5,0.9090909090909091,0
56,0,56916,45,6,1,0,0,1,0,0,0,0,1,0,0,1,6.428571428571429,False,2,0.7894736842105263,0
46,1,94324,46,3,0,1,0,0,0,1,0,0,0,0,1,0,11.5,False,3,0.9787234042553191,0
59,1,74965,72,7,0,1,0,0,1,0,1,0,0,0,1,0,9.0,False,7,1.2,0
43,0,34648,55,4,1,0,0,1,0,0,0,0,1,1,0,0,11.0,False,0,1.25,0
52,1,65133,86,9,0,0,0,0,0,0,1,0,0,0,1,0,8.6,False,5,1.6226415094339623,0
67,1,80677,85,8,0,0,1,0,0,0,0,1,0,0,0,0,9.444444444444445,False,5,1.25,0
42,1,126059,26,9,0,0,1,0,0,0,0,1,0,0,0,0,2.6,True,5,0.6046511627906976,1
41,0,124588,85,4,0,0,0,1,0,0,0,0,1,0,1,0,17.0,False,3,2.0238095238095237,0
30,1,129950,25,0,0,0,1,0,0,0,1,0,0,0,0,0,25.0,True,3,0.8064516129032258,1
24,0,128317,65,8,0,0,0,0,0,0,0,0,1,0,0,0,7.222222222222222,False,5,2.6,0
53,1,100135,6,4,0,0,1,0,1,0,1,0,0,1,0,0,1.2,True,5,0.1111111111111111,1
62,1,65046,23,5,0,0,0,1,1,0,1,0,0,0,0,0,3.8333333333333335,False,5,0.36507936507936506,1
37,1,77064,64,3,0,0,0,1,1,0,0,0,0,0,0,1,16.0,False,5,1.6842105263157894,0
18,0,131459,87,5,0,1,0,0,0,0,0,0,0,0,0,1,14.5,False,3,4.578947368421052,0
25,1,136625,43,7,0,0,1,0,0,1,0,0,0,1,0,0,5.375,True,5,1.6538461538461537,0
63,0,99350,23,2,0,0,0,0,1,0,0,0,1,0,1,0,7.666666666666667,False,5,0.359375,1
33,0,75893,96,4,0,0,0,0,1,0,0,0,0,1,0,0,19.2,False,5,2.823529411764706,0
31,0,131520,30,1,0,0,0,0,1,0,0,0,0,0,1,0,15.0,False,5,0.9375,0
29,1,91272,77,1,0,0,0,1,0,1,0,1,0,0,1,0,38.5,False,3,2.566666666666667,0
68,1,122152,18,6,0,1,0,1,0,0,1,0,0,0,1,0,2.5714285714285716,False,5,0.2608695652173913,1
40,1,97649,87,9,0,0,0,1,0,0,1,0,0,0,1,0,8.7,False,5,2.1219512195121952,0
32,1,94674,79,9,1,0,1,0,1,0,0,0,0,0,1,0,7.9,True,4,2.393939393939394,0
45,0,149044,97,9,0,0,0,0,1,0,1,0,0,1,0,0,9.7,False,7,2.108695652173913,0
51,0,138542,21,5,0,0,0,1,1,0,0,1,0,0,1,0,3.5,False,5,0.40384615384615385,1
19,0,43760,57,3,0,1,0,0,0,0,0,1,0,0,0,0,14.25,False,3,2.85,0
49,1,51927,23,4,1,0,1,0,0,0,0,0,0,0,0,0,4.6,False,0,0.46,1
40,0,116475,91,0,1,1,1,0,0,0,0,1,0,0,1,0,91.0,True,0,2.2195121951219514,0
39,1,91367,45,6,0,0,0,1,0,1,1,0,0,0,0,0,6.428571428571429,False,5,1.125,0
68,0,127955,44,7,0,0,0,1,0,0,0,0,1,0,0,1,5.5,False,5,0.6376811594202898,0
42,1,42588,82,8,1,1,0,0,0,0,1,0,0,1,0,0,9.11111111111111,False,2,1.9069767441860466,0
39,1,131678,88,7,0,0,0,0,0,0,0,0,1,1,0,0,11.0,False,5,2.2,0
39,0,134734,47,4,0,1,1,0,0,0,0,0,0,0,1,0,9.4,True,3,1.175,0
66,0,148154,40,2,1,1,0,0,0,1,0,0,1,0,1,0,13.333333333333334,False,0,0.5970149253731343,0
69,0,82233,51,9,0,0,0,0,1,0,0,1,0,0,0,1,5.1,False,7,0.7285714285714285,0
59,0,74738,42,8,0,0,0,0,1,0,1,0,0,0,1,0,4.666666666666667,False,7,0.7,0
23,1,63397,7,5,0,0,1,0,0,0,0,0,1,0,0,0,1.1666666666666667,False,3,0.2916666666666667,1
32,0,112189,50,4,0,0,0,0,1,0,1,0,0,0,0,1,10.0,False,5,1.5151515151515151,0
60,0,106367,48,2,0,0,0,0,0,0,0,0,0,0,0,0,16.0,False,3,0.7868852459016393,0
54,0,101260,84,5,0,0,0,1,1,0,0,0,0,1,0,0,14.0,False,5,1.5272727272727273,0
50,1,106619,91,2,0,1,1,0,0,0,0,1,0,0,0,0,30.333333333333332,True,3,1.7843137254901962,0
25,1,141453,6,9,1,1,0,0,0,0,0,0,0,1,0,0,0.6,False,2,0.23076923076923078,1
61,0,49816,91,5,1,0,0,0,1,0,0,0,1,0,0,0,15.166666666666666,False,2,1.467741935483871,0
61,1,72240,9,3,0,0,0,0,0,1,0,0,0,1,0,0,2.25,False,3,0.14516129032258066,1
22,0,36276,57,1,0,0,0,0,0,0,0,1,0,0,1,0,28.5,False,3,2.4782608695652173,0
56,1,143939,31,7,1,0,0,0,1,0,1,0,0,0,0,0,3.875,False,4,0.543859649122807,0
21,1,134199,21,3,0,0,0,1,0,0,1,0,0,1,0,0,5.25,False,3,0.9545454545454546,1
23,1,109530,90,8,1,1,0,1,0,0,0,0,0,0,0,0,10.0,False,2,3.75,0
62,1,53499,40,6,0,1,0,1,0,0,0,0,1,0,0,1,5.714285714285714,False,5,0.6349206349206349,0
49,0,118576,45,1,0,0,0,0,0,0,0,1,0,0,1,0,22.5,False,3,0.9,0
69,0,138856,77,3,0,0,1,0,0,0,0,0,1,1,0,0,19.25,True,3,1.1,0
47,0,112495,49,4,0,0,0,0,0,0,0,1,0,0,0,1,9.8,False,3,1.0208333333333333,0
64,1,101635,87,2,1,1,1,0,0,0,0,0,0,0,0,0,29.0,True,0,1.3384615384615384,0
52,0,137803,20,8,0,0,0,1,0,1,0,1,0,0,0,1,2.2222222222222223,False,5,0.37735849056603776,1
57,0,115112,92,4,1,0,0,0,0,0,0,1,0,0,0,0,18.4,False,0,1.5862068965517242,0
69,0,65946,17,1,0,1,0,1,1,0,0,0,0,0,1,0,8.5,False,5,0.24285714285714285,1
33,1,85204,28,2,1,0,0,0,0,0,0,0,1,0,0,1,9.333333333333334,False,0,0.8235294117647058,1
30,1,81886,41,8,0,0,0,1,1,0,0,0,0,0,1,0,4.555555555555555,False,7,1.3225806451612903,0
67,1,101652,66,6,0,0,0,0,0,0,0,1,0,1,0,0,9.428571428571429,False,5,0.9705882352941176,0
59,0,45563,25,1,0,1,0,0,0,0,0,0,0,0,0,0,12.5,False,3,0.4166666666666667,1
47,0,122324,58,8,0,0,1,0,0,0,0,1,0,0,0,0,6.444444444444445,True,5,1.2083333333333333,0
36,0,122464,41,3,0,0,0,0,0,0,0,0,0,0,1,0,10.25,False,3,1.1081081081081081,0
34,1,131872,6,8,1,0,1,0,0,0,1,0,0,0,1,0,0.6666666666666666,True,2,0.17142857142857143,1
36,1,39847,75,1,1,0,0,0,1,0,1,0,0,1,0,0,37.5,False,2,2.027027027027027,0
45,0,56155,38,9,0,1,0,1,0,1,0,0,0,0,0,1,3.8,False,5,0.8260869565217391,0
43,1,109671,6,3,1,0,0,1,1,0,0,0,1,0,0,0,1.5,False,2,0.13636363636363635,1
54,1,146891,45,4,1,0,0,1,1,0,0,1,0,0,0,0,9.0,False,2,0.8181818181818182,0
43,1,113310,75,1,0,0,0,0,0,0,1,0,0,1,0,0,37.5,False,3,1.7045454545454546,0
40,1,97278,14,9,0,0,0,0,0,0,0,0,1,1,0,0,1.4,False,5,0.34146341463414637,1
26,0,48309,66,0,0,1,0,0,0,0,0,1,0,0,1,0,66.0,False,3,2.4444444444444446,0
29,1,30619,40,6,0,0,0,0,0,0,1,0,0,0,1,0,5.714285714285714,False,5,1.3333333333333333,0
18,1,113194,3,9,0,0,0,1,0,0,1,0,0,0,0,1,0.3,False,5,0.15789473684210525,1
18,1,80108,99,0,1,0,1,0,0,0,0,0,0,1,0,0,99.0,False,0,5.2105263157894735,0
64,1,64707,97,7,0,0,1,0,0,0,0,1,0,0,0,1,12.125,False,5,1.4923076923076923,0
51,0,50337,24,2,0,0,0,1,0,0,0,0,1,1,0,0,8.0,False,3,0.46153846153846156,1
49,0,111537,19,9,0,0,0,1,1,0,0,0,1,0,0,0,1.9,False,7,0.38,1
65,1,96504,18,5,1,0,0,1,1,0,0,0,1,1,0,0,3.0,False,2,0.2727272727272727,1
42,1,77614,64,6,0,0,0,0,0,0,0,1,0,1,0,0,9.142857142857142,False,5,1.4883720930232558,0
57,1,121428,88,9,1,0,1,0,0,1,0,0,1,0,0,0,8.8,True,2,1.5172413793103448,0
62,1,121155,35,0,1,0,0,1,0,1,0,0,1,1,0,0,35.0,False,0,0.5555555555555556,0
18,1,30281,62,5,1,1,0,1,0,0,0,0,1,0,0,1,10.333333333333334,False,0,3.263157894736842,0
33,1,57420,1,6,0,0,0,0,0,0,0,0,0,0,1,0,0.14285714285714285,False,5,0.029411764705882353,1
56,0,110896,25,5,0,0,0,0,0,0,0,0,0,0,1,0,4.166666666666667,False,3,0.43859649122807015,1
22,1,69030,45,3,0,0,0,0,0,1,0,1,0,0,0,1,11.25,False,3,1.9565217391304348,0
39,0,31058,49,0,0,0,1,0,0,1,0,1,0,0,0,0,49.0,False,3,1.225,0
46,0,116213,98,8,0,0,0,1,0,0,0,0,1,1,0,0,10.88888888888889,False,5,2.0851063829787235,0
20,1,106260,89,3,1,0,0,0,0,0,0,0,0,0,0,1,22.25,False,0,4.238095238095238,0
29,0,58404,16,6,1,0,1,0,0,0,1,0,0,0,1,0,2.2857142857142856,False,2,0.5333333333333333,1
43,0,133482,98,6,0,0,0,0,0,0,1,0,0,0,1,0,14.0,False,5,2.227272727272727,0
33,0,135284,93,1,0,0,0,0,0,0,0,0,1,0,0,1,46.5,False,3,2.735294117647059,0
68,0,59856,19,0,0,0,0,0,0,1,0,0,1,0,1,0,19.0,False,3,0.2753623188405797,1
54,0,39200,23,7,1,0,0,1,1,0,0,0,0,0,0,1,2.875,False,4,0.41818181818181815,1
39,0,94178,83,7,1,0,1,0,1,0,0,0,0,0,1,0,10.375,True,4,2.075,0
46,1,63997,25,6,1,1,0,0,0,1,0,0,0,0,0,1,3.5714285714285716,False,2,0.5319148936170213,1
31,0,55611,16,7,0,0,1,0,1,0,0,1,0,1,0,0,2.0,False,7,0.5,1
45,0,149273,54,2,0,0,0,0,0,0,0,1,0,1,0,0,18.0,False,3,1.173913043478261,0
22,0,71235,73,1,0,1,1,0,1,0,0,0,1,1,0,0,36.5,False,5,3.1739130434782608,0
64,1,147428,1,6,0,1,0,1,0,0,0,1,0,1,0,0,0.14285714285714285,False,5,0.015384615384615385,1
66,0,65057,42,7,0,0,1,0,1,0,0,0,0,0,1,0,5.25,False,7,0.6268656716417911,0
47,1,31239,19,0,0,0,0,0,0,0,0,0,0,0,0,0,19.0,False,3,0.3958333333333333,1
63,0,133674,97,9,1,0,1,0,1,0,0,1,0,0,0,1,9.7,True,4,1.515625,0
69,1,144474,34,8,0,0,0,1,0,0,1,0,0,0,0,0,3.7777777777777777,False,5,0.4857142857142857,0
22,1,95661,80,3,0,1,0,0,0,0,0,0,1,0,1,0,20.0,False,3,3.4782608695652173,0
29,0,75272,55,3,1,0,1,0,0,0,1,0,0,0,1,0,13.75,False,0,1.8333333333333333,0
33,0,119393,18,2,0,0,0,0,0,0,0,0,1,0,0,0,6.0,False,3,0.5294117647058824,1
43,1,91212,34,5,0,0,1,0,1,0,1,0,0,0,0,0,5.666666666666667,False,5,0.7727272727272727,0
43,0,45398,89,0,0,0,0,0,1,0,0,1,0,0,1,0,89.0,False,5,2.022727272727273,0
65,1,86503,45,5,0,0,0,1,0,0,0,0,1,0,1,0,7.5,False,3,0.6818181818181818,0
38,1,36638,6,1,0,1,0,1,0,0,0,0,1,0,0,1,3.0,False,3,0.15384615384615385,1
56,1,36570,21,8,0,1,0,0,0,0,0,0,1,1,0,0,2.3333333333333335,False,5,0.3684210526315789,1
53,1,98785,70,1,1,1,0,0,0,0,0,0,0,1,0,0,35.0,False,0,1.2962962962962963,0
50,1,39110,96,6,1,0,0,0,0,0,0,0,0,0,0,1,13.714285714285714,False,2,1.8823529411764706,0
47,0,135899,48,0,1,0,0,0,0,1,1,0,0,0,0,0,48.0,False,0,1.0,0
54,1,109141,39,6,1,0,0,0,0,0,0,1,0,0,1,0,5.571428571428571,False,2,0.7090909090909091,0
40,1,42115,31,4,0,0,0,1,0,0,0,0,0,0,0,0,6.2,False,3,0.7560975609756098,0
27,0,69062,10,7,0,0,0,0,0,0,0,0,1,1,0,0,1.25,False,5,0.35714285714285715,1
22,1,52911,30,3,1,0,0,0,0,0,0,0,0,1,0,0,7.5,False,0,1.3043478260869565,0
53,0,134061,18,9,0,0,0,1,0,0,0,1,0,0,0,0,1.8,False,5,0.3333333333333333,1
51,0,62556,60,6,1,1,0,0,1,0,0,0,0,1,0,0,8.571428571428571,False,4,1.1538461538461537,0
69,0,108131,88,5,0,0,1,0,0,0,0,0,1,0,1,0,14.666666666666666,True,3,1.2571428571428571,0
48,1,31969,73,4,1,0,1,0,0,0,1,0,0,0,0,1,14.6,False,0,1.489795918367347,0
27,1,73753,95,3,0,0,0,1,0,0,0,0,1,0,0,0,23.75,False,3,3.392857142857143,0
36,1,112811,15,6,1,0,0,1,0,0,0,1,0,0,1,0,2.142857142857143,False,2,0.40540540540540543,1
49,0,34470,4,4,0,0,1,0,0,0,1,0,0,0,1,0,0.8,False,3,0.08,1
18,1,40225,63,4,0,0,0,0,0,1,0,0,0,1,0,0,12.6,False,3,3.3157894736842106,0
22,0,137860,40,0,0,0,0,0,1,0,0,0,0,0,1,0,40.0,False,5,1.7391304347826086,0
62,1,137510,9,1,1,0,0,0,0,0,0,0,0,0,0,0,4.5,False,0,0.14285714285714285,1
21,0,138295,9,4,1,0,0,1,0,0,1,0,0,0,1,0,1.8,False,0,0.4090909090909091,1
33,1,53196,26,2,1,0,0,0,0,0,0,0,1,0,0,1,8.666666666666666,False,0,0.7647058823529411,1
41,1,135823,4,1,0,0,0,1,0,0,1,0,0,0,1,0,2.0,False,3,0.09523809523809523,1
33,1,43669,81,3,1,0,1,0,1,0,1,0,0,0,1,0,20.25,False,2,2.3823529411764706,0
19,0,67380,16,3,0,0,1,0,1,0,0,1,0,0,0,1,4.0,False,5,0.8,1
66,0,140677,15,3,0,0,0,1,0,0,1,0,0,0,1,0,3.75,False,3,0.22388059701492538,1
45,1,145886,99,3,0,0,0,0,0,0,0,0,0,0,1,0,24.75,False,3,2.152173913043478,0
49,1,78320,52,2,0,0,1,0,0,0,0,0,1,1,0,0,17.333333333333332,False,3,1.04,0
44,0,77414,69,6,1,0,0,1,0,1,0,0,1,0,0,0,9.857142857142858,False,2,1.5333333333333334,0
37,0,133542,5,8,1,1,0,0,1,0,0,0,1,1,0,0,0.5555555555555556,False,4,0.13157894736842105,1
41,0,45577,20,4,0,1,0,0,0,0,0,0,0,0,0,0,4.0,False,3,0.47619047619047616,1
29,1,118009,79,3,0,0,1,0,0,0,0,0,0,0,0,1,19.75,True,3,2.6333333333333333,0
67,0,85409,18,1,1,0,0,1,1,0,0,0,0,0,0,1,9.0,False,2,0.2647058823529412,1
52,1,58625,2,1,1,0,1,0,0,0,0,0,0,0,0,1,1.0,False,0,0.03773584905660377,1
50,0,111040,93,4,0,0,1,0,0,0,0,0,0,0,0,0,18.6,True,3,1.8235294117647058,0
50,1,54089,13,6,1,1,0,1,0,0,1,0,0,0,0,0,1.8571428571428572,False,2,0.2549019607843137,1
68,0,66487,4,9,0,0,0,1,1,0,0,0,0,0,0,0,0.4,False,7,0.057971014492753624,1
60,0,95838,42,9,0,0,0,0,0,0,0,0,0,0,0,1,4.2,False,5,0.6885245901639344,0
54,0,126999,74,8,1,0,0,0,0,0,0,0,0,0,0,0,8.222222222222221,False,2,1.3454545454545455,0
29,0,140448,61,6,1,0,0,0,0,1,0,0,0,0,1,0,8.714285714285714,False,2,2.033333333333333,0
20,0,124795,95,4,1,0,0,1,0,0,0,0,1,1,0,0,19.0,False,0,4.523809523809524,0
18,1,80138,8,9,0,1,0,1,0,0,0,0,0,0,0,1,0.8,False,5,0.42105263157894735,1
50,0,72823,67,9,0,0,1,0,0,0,1,0,0,1,0,0,6.7,False,5,1.3137254901960784,0
57,0,67208,63,9,0,0,0,0,0,0,1,0,0,0,1,0,6.3,False,5,1.0862068965517242,0
27,0,84061,9,5,0,0,0,1,1,0,1,0,0,0,0,0,1.5,False,5,0.32142857142857145,1
60,1,60659,94,2,0,0,0,1,0,0,0,1,0,1,0,0,31.333333333333332,False,3,1.540983606557377,0
61,0,131376,11,4,1,0,0,1,0,0,0,0,1,0,1,0,2.2,False,0,0.1774193548387097,1
46,1,61890,99,7,1,0,0,1,0,0,0,0,0,0,1,0,12.375,False,2,2.106382978723404,0
30,0,109134,42,0,0,0,0,0,1,0,0,1,0,1,0,0,42.0,False,5,1.3548387096774193,0
29,0,77055,13,0,1,0,0,1,1,0,0,0,0,0,0,1,13.0,False,2,0.43333333333333335,1
48,1,142269,36,6,1,0,0,0,0,0,0,1,0,1,0,0,5.142857142857143,False,2,0.7346938775510204,0
63,0,49508,13,4,0,0,0,0,0,0,0,1,0,0,0,1,2.6,False,3,0.203125,1
19,1,72287,12,4,0,0,0,0,1,0,1,0,0,0,0,0,2.4,False,5,0.6,1
68,1,108916,37,0,0,0,0,1,0,0,1,0,0,0,0,1,37.0,False,3,0.5362318840579711,0
67,0,56984,74,8,0,0,1,0,1,0,0,1,0,0,0,0,8.222222222222221,False,7,1.088235294117647,0
52,1,140169,73,0,1,1,0,1,1,0,1,0,0,1,0,0,73.0,False,2,1.3773584905660377,0
40,0,38125,52,4,0,1,0,1,1,0,0,1,0,0,0,0,10.4,False,5,1.2682926829268293,0
34,0,66059,71,9,1,0,0,1,0,0,0,0,1,0,1,0,7.1,False,2,2.0285714285714285,0
43,1,99569,2,8,0,0,0,1,0,0,1,0,0,0,0,0,0.2222222222222222,False,5,0.045454545454545456,1
25,1,133409,56,3,0,0,0,0,1,0,1,0,0,0,0,1,14.0,False,5,2.1538461538461537,0
46,1,47087,60,7,1,0,0,0,0,0,1,0,0,0,0,1,7.5,False,2,1.2765957446808511,0
43,1,136437,23,5,0,1,0,0,0,0,0,0,1,0,0,1,3.8333333333333335,False,3,0.5227272727272727,1
27,0,145262,40,2,1,0,0,0,0,1,0,1,0,0,0,0,13.333333333333334,False,0,1.4285714285714286,0
43,0,35704,64,3,0,0,0,0,0,1,0,0,0,0,0,1,16.0,False,3,1.4545454545454546,0
51,1,90576,85,1,0,0,0,0,0,0,1,0,0,0,0,1,42.5,False,3,1.6346153846153846,0
68,0,103384,23,0,0,1,0,0,0,0,0,1,0,0,1,0,23.0,False,3,0.3333333333333333,1
58,0,117128,29,7,0,0,1,0,0,0,0,0,1,0,0,0,3.625,True,5,0.4915254237288136,1
24,0,141279,78,0,1,0,0,0,1,0,0,0,0,0,1,0,78.0,False,2,3.12,0
21,0,102460,90,0,0,0,0,0,0,1,1,0,0,0,0,1,90.0,False,3,4.090909090909091,0
67,1,57208,51,3,0,0,0,0,0,0,0,0,1,0,0,1,12.75,False,3,0.75,0
62,1,148516,69,9,1,0,0,1,0,0,0,0,1,0,0,1,6.9,False,2,1.0952380952380953,0
28,0,115150,95,9,0,0,0,0,0,1,0,0,0,0,0,0,9.5,False,5,3.2758620689655173,0
46,1,96024,89,5,0,0,0,0,0,0,0,1,0,1,0,0,14.833333333333334,False,3,1.8936170212765957,0
53,1,69882,31,8,1,1,0,1,0,0,1,0,0,0,0,1,3.4444444444444446,False,2,0.5740740740740741,0
42,1,55923,50,0,0,0,0,0,0,1,1,0,0,0,0,1,50.0,False,3,1.1627906976744187,0
38,0,144044,20,6,1,0,0,0,0,0,0,1,0,0,0,1,2.857142857142857,False,2,0.5128205128205128,1
53,0,131477,55,9,0,1,0,0,1,0,0,1,0,0,0,1,5.5,False,7,1.0185185185185186,0
27,0,59165,81,4,1,1,0,0,0,0,0,1,0,0,0,0,16.2,False,0,2.892857142857143,0
54,1,97203,2,7,0,0,0,0,0,0,0,0,0,1,0,0,0.25,False,5,0.03636363636363636,1
26,0,121749,25,6,0,0,0,0,1,0,0,0,0,1,0,0,3.5714285714285716,False,7,0.9259259259259259,1
41,0,34114,13,3,0,0,1,0,0,0,1,0,0,1,0,0,3.25,False,3,0.30952380952380953,1
52,1,94965,92,3,0,0,0,1,0,1,0,0,0,0,0,1,23.0,False,3,1.7358490566037736,0
66,0,66321,70,5,0,1,0,1,0,0,0,0,1,0,0,1,11.666666666666666,False,3,1.044776119402985,0
52,0,103297,67,5,0,1,0,0,0,0,1,0,0,1,0,0,11.166666666666666,False,3,1.2641509433962264,0
65,1,126652,58,8,1,0,1,0,0,0,0,0,0,1,0,0,6.444444444444445,True,2,0.8787878787878788,0
53,1,129304,99,4,0,1,0,0,0,0,0,1,0,0,0,1,19.8,False,3,1.8333333333333333,0
35,1,143942,82,7,0,0,0,0,0,0,0,0,1,0,0,1,10.25,False,5,2.2777777777777777,0
66,0,55426,75,4,0,0,0,1,0,0,0,1,0,0,1,0,15.0,False,3,1.1194029850746268,0
56,0,47772,84,1,0,0,0,0,0,0,1,0,0,0,1,0,42.0,False,3,1.4736842105263157,0
49,0,133754,64,5,0,0,0,0,0,0,0,1,0,0,1,0,10.666666666666666,False,3,1.28,0
41,1,33712,69,8,0,1,0,1,1,0,0,0,0,1,0,0,7.666666666666667,False,7,1.6428571428571428,0
40,1,31367,83,2,0,0,1,0,1,0,0,0,0,0,0,0,27.666666666666668,False,5,2.024390243902439,0
49,0,136493,86,0,1,1,0,0,1,0,1,0,0,0,0,1,86.0,False,2,1.72,0
54,0,137317,59,0,0,0,0,1,0,0,0,1,0,0,1,0,59.0,False,3,1.0727272727272728,0
29,1,145142,60,2,0,0,1,0,0,0,1,0,0,0,0,0,20.0,True,3,2.0,0
66,1,121736,83,9,0,0,0,0,1,0,0,1,0,0,0,1,8.3,False,7,1.2388059701492538,0
30,1,81924,62,4,0,0,0,0,0,0,0,0,1,0,0,0,12.4,False,3,2.0,0
40,1,33726,16,2,1,1,0,0,0,0,0,0,0,1,0,0,5.333333333333333,False,0,0.3902439024390244,1
42,0,119152,88,8,0,0,0,0,1,0,1,0,0,1,0,0,9.777777777777779,False,7,2.046511627906977,0
52,1,57723,68,7,0,0,0,0,1,0,0,0,1,1,0,0,8.5,False,7,1.2830188679245282,0
58,0,133110,15,2,1,0,1,0,0,0,0,0,1,0,1,0,5.0,True,0,0.2542372881355932,1
47,0,130494,89,8,0,1,0,1,0,0,1,0,0,0,0,1,9.88888888888889,False,5,1.8541666666666667,0
34,0,39108,55,5,1,0,0,1,1,0,1,0,0,1,0,0,9.166666666666666,False,2,1.5714285714285714,0
66,1,107714,35,6,0,1,0,0,0,0,0,0,1,0,1,0,5.0,False,5,0.5223880597014925,0
37,1,65643,55,3,1,0,1,0,1,0,0,1,0,0,1,0,13.75,False,2,1.4473684210526316,0
65,1,61324,14,3,0,0,1,0,1,0,0,0,1,0,1,0,3.5,False,5,0.21212121212121213,1
42,1,133896,49,1,0,0,1,0,1,0,1,0,0,0,1,0,24.5,True,5,1.1395348837209303,0
39,0,113360,83,4,0,0,0,0,0,0,0,0,1,1,0,0,16.6,False,3,2.075,0
30,1,140896,7,7,0,0,0,1,0,0,0,1,0,0,1,0,0.875,False,5,0.22580645161290322,1
36,1,38927,30,6,0,0,0,0,1,0,0,0,0,1,0,0,4.285714285714286,False,7,0.8108108108108109,0
66,0,123680,83,6,1,1,0,0,1,0,0,0,0,1,0,0,11.857142857142858,False,4,1.2388059701492538,0
53,1,126546,49,5,1,0,0,0,1,0,0,0,1,0,1,0,8.166666666666666,False,2,0.9074074074074074,0
29,0,52443,89,2,0,1,0,1,0,0,0,1,0,1,0,0,29.666666666666668,False,3,2.966666666666667,0
58,0,109973,16,4,1,0,0,1,0,0,0,0,0,0,0,1,3.2,False,0,0.2711864406779661,1
36,0,93449,51,0,0,0,0,0,0,1,0,0,1,0,0,1,51.0,False,3,1.3783783783783783,0
29,0,139834,72,6,0,0,0,0,1,0,0,0,1,0,0,0,10.285714285714286,False,7,2.4,0
26,0,135314,82,8,0,0,0,0,0,1,0,1,0,0,0,1,9.11111111111111,False,5,3.037037037037037,0
24,0,106743,92,0,0,0,0,0,1,0,1,0,0,1,0,0,92.0,False,5,3.68,0
45,0,90233,80,1,1,0,0,0,0,0,0,0,1,1,0,0,40.0,False,0,1.7391304347826086,0
31,0,55537,83,2,0,1,0,0,1,0,1,0,0,0,0,1,27.666666666666668,False,5,2.59375,0
48,1,131293,42,2,0,0,0,1,0,1,1,0,0,0,1,0,14.0,False,3,0.8571428571428571,0
69,1,107576,17,7,0,0,0,0,0,0,0,0,0,0,1,0,2.125,False,5,0.24285714285714285,1
36,1,137522,63,6,0,0,0,0,1,0,1,0,0,1,0,0,9.0,False,7,1.7027027027027026,0
64,1,52612,45,5,1,0,0,0,0,0,0,1,0,0,1,0,7.5,False,0,0.6923076923076923,0
33,0,123977,77,9,0,0,1,0,0,0,0,0,0,0,0,0,7.7,True,5,2.264705882352941,0
22,1,36471,7,9,0,0,0,1,1,0,0,0,0,0,0,0,0.7,False,7,0.30434782608695654,1
52,0,65631,27,3,0,1,0,1,0,0,0,0,0,0,0,1,6.75,False,3,0.5094339622641509,1
29,1,138997,10,8,1,0,0,0,0,0,0,0,1,0,0,1,1.1111111111111112,False,2,0.3333333333333333,1
42,1,122059,34,0,0,0,0,1,0,0,0,0,1,0,1,0,34.0,False,3,0.7906976744186046,0
69,1,61348,36,1,0,0,0,0,0,0,1,0,0,1,0,0,18.0,False,3,0.5142857142857142,0
38,0,94732,25,3,1,0,0,1,0,0,0,0,0,0,0,1,6.25,False,0,0.6410256410256411,1
53,1,31177,6,2,0,0,1,0,0,0,0,0,0,0,0,0,2.0,False,3,0.1111111111111111,1
40,0,34760,24,0,0,1,0,1,0,1,0,1,0,0,0,1,24.0,False,3,0.5853658536585366,1
33,0,62779,18,4,0,0,1,0,0,0,1,0,0,0,0,1,3.6,False,3,0.5294117647058824,1
56,1,51636,87,6,0,1,0,1,0,0,0,1,0,0,0,0,12.428571428571429,False,5,1.5263157894736843,0
62,1,111889,6,1,1,0,0,0,0,0,1,0,0,1,0,0,3.0,False,0,0.09523809523809523,1
59,1,83551,29,4,0,0,1,0,1,0,1,0,0,0,0,1,5.8,False,5,0.48333333333333334,1
56,0,41556,25,5,0,0,0,0,0,0,0,0,1,0,0,1,4.166666666666667,False,3,0.43859649122807015,1
31,1,57598,55,6,0,0,0,1,1,0,0,0,1,0,0,1,7.857142857142857,False,7,1.71875,0
48,0,41563,81,0,0,1,0,0,1,0,0,1,0,0,1,0,81.0,False,5,1.653061224489796,0
22,0,76819,46,6,0,0,0,0,1,0,1,0,0,0,0,1,6.571428571428571,False,7,2.0,0
52,1,139326,24,3,1,0,0,0,0,0,0,0,0,0,0,0,6.0,False,0,0.4528301886792453,1
40,1,103770,75,7,0,0,0,0,1,0,0,0,1,1,0,0,9.375,False,7,1.829268292682927,0
46,0,121055,26,3,0,0,0,0,0,0,0,0,0,1,0,0,6.5,False,3,0.5531914893617021,1
60,0,56966,98,5,0,0,0,1,0,1,0,1,0,0,0,0,16.333333333333332,False,3,1.6065573770491803,0
28,0,111709,28,8,0,0,0,0,1,0,0,0,1,0,1,0,3.111111111111111,False,7,0.9655172413793104,1
35,1,89889,3,4,0,1,0,0,0,0,0,0,1,0,0,0,0.6,False,3,0.08333333333333333,1
64,0,56987,75,3,0,0,0,1,0,0,1,0,0,1,0,0,18.75,False,3,1.1538461538461537,0
29,1,108714,38,7,1,1,0,0,0,0,0,1,0,0,0,0,4.75,False,2,1.2666666666666666,0
26,0,134874,61,8,0,0,0,1,1,0,1,0,0,0,1,0,6.777777777777778,False,7,2.259259259259259,0
27,0,88348,78,3,0,0,0,1,0,0,0,0,1,1,0,0,19.5,False,3,2.7857142857142856,0
61,1,54596,51,2,0,1,1,0,0,0,0,1,0,0,1,0,17.0,False,3,0.8225806451612904,0
34,0,63174,90,7,0,1,0,1,0,0,0,0,1,0,0,0,11.25,False,5,2.5714285714285716,0
55,1,94106,48,4,0,0,0,0,1,0,0,1,0,0,0,1,9.6,False,5,0.8571428571428571,0
24,1,137510,21,1,0,0,0,1,1,0,0,0,1,0,0,0,10.5,False,5,0.84,1
63,0,99967,54,9,0,1,0,0,1,0,0,0,0,0,1,0,5.4,False,7,0.84375,0
30,1,89182,56,8,0,1,0,0,1,0,0,0,0,0,0,0,6.222222222222222,False,7,1.8064516129032258,0
57,1,123300,94,2,0,0,0,1,0,0,1,0,0,0,0,1,31.333333333333332,False,3,1.6206896551724137,0
59,0,117163,59,1,0,0,0,0,0,0,0,0,0,0,1,0,29.5,False,3,0.9833333333333333,0
26,1,69310,72,0,0,0,0,1,1,0,0,0,1,0,0,0,72.0,False,5,2.6666666666666665,0
67,1,86088,51,7,0,1,1,0,0,0,0,0,1,0,1,0,6.375,False,5,0.75,0
44,1,38906,20,2,0,0,1,0,0,0,0,0,0,0,1,0,6.666666666666667,False,3,0.4444444444444444,1
19,0,66914,96,6,0,1,1,0,0,0,1,0,0,1,0,0,13.714285714285714,False,5,4.8,0
22,1,140350,86,0,0,1,0,0,0,0,0,0,0,1,0,0,86.0,False,3,3.739130434782609,0
46,0,75379,59,0,1,0,0,0,0,0,0,1,0,0,1,0,59.0,False,0,1.2553191489361701,0
54,0,108612,71,8,1,0,0,1,0,1,0,1,0,0,0,0,7.888888888888889,False,2,1.290909090909091,0
55,1,144828,9,7,0,0,0,0,0,0,0,1,0,0,0,0,1.125,False,5,0.16071428571428573,1
36,1,67650,1,2,0,0,0,1,0,0,0,0,0,0,0,0,0.3333333333333333,False,3,0.02702702702702703,1
25,1,76881,29,5,0,0,0,1,0,0,0,0,0,0,0,1,4.833333333333333,False,3,1.1153846153846154,1
65,0,76413,63,2,0,0,0,1,1,0,0,0,0,0,1,0,21.0,False,5,0.9545454545454546,0
62,1,36012,72,3,1,0,0,0,0,0,0,1,0,0,1,0,18.0,False,0,1.1428571428571428,0
18,1,80115,56,0,0,0,0,0,0,1,1,0,0,0,0,1,56.0,False,3,2.9473684210526314,0
39,1,37151,68,4,0,0,0,0,0,1,0,0,1,0,1,0,13.6,False,3,1.7,0
69,1,87716,35,0,0,0,0,0,0,0,0,0,0,0,1,0,35.0,False,3,0.5,0
34,1,123747,3,0,0,0,1,0,0,1,1,0,0,0,0,1,3.0,True,3,0.08571428571428572,1
24,0,122653,7,9,1,0,0,0,0,1,0,0,1,1,0,0,0.7,False,2,0.28,1
42,0,66378,27,6,1,0,0,0,1,0,0,0,1,0,1,0,3.857142857142857,False,4,0.627906976744186,1
62,1,72652,1,5,0,0,0,0,1,0,0,0,1,0,0,1,0.16666666666666666,False,5,0.015873015873015872,1
21,1,102430,91,1,0,0,0,1,0,0,1,0,0,0,0,0,45.5,False,3,4.136363636363637,0
53,1,43467,80,1,0,0,0,1,0,0,1,0,0,1,0,0,40.0,False,3,1.4814814814814814,0
23,1,61010,71,6,1,1,0,0,0,0,0,1,0,0,0,0,10.142857142857142,False,2,2.9583333333333335,0
48,0,144793,44,0,1,0,0,0,0,0,1,0,0,0,1,0,44.0,False,0,0.8979591836734694,0
36,1,84691,87,1,0,0,0,0,0,1,1,0,0,1,0,0,43.5,False,3,2.3513513513513513,0
61,0,94157,41,7,0,0,0,0,0,0,1,0,0,0,0,1,5.125,False,5,0.6612903225806451,0
56,0,138177,75,5,0,0,0,1,1,0,0,0,1,0,1,0,12.5,False,5,1.3157894736842106,0
44,1,42289,42,1,1,1,0,1,1,0,0,0,0,0,0,1,21.0,False,2,0.9333333333333333,0
27,0,74976,33,6,0,0,0,0,0,1,0,1,0,1,0,0,4.714285714285714,False,5,1.1785714285714286,0
43,0,73596,50,3,1,0,0,0,0,1,0,0,0,0,0,0,12.5,False,0,1.1363636363636365,0
36,0,53171,63,1,1,0,1,0,0,0,0,0,0,0,1,0,31.5,False,0,1.7027027027027026,0
56,0,130441,37,5,0,0,0,0,0,0,1,0,0,0,1,0,6.166666666666667,False,3,0.6491228070175439,0
20,1,116365,59,8,1,0,0,1,0,0,0,1,0,0,0,1,6.555555555555555,False,2,2.8095238095238093,0
62,1,148218,81,8,1,0,0,0,0,0,0,0,0,1,0,0,9.0,False,2,1.2857142857142858,0
30,0,129590,99,7,0,0,0,0,0,0,0,0,0,0,0,1,12.375,False,5,3.193548387096774,0
67,1,144014,48,2,0,1,0,0,0,0,0,1,0,1,0,0,16.0,False,3,0.7058823529411765,0
45,1,74139,5,2,0,0,0,1,1,0,1,0,0,0,1,0,1.6666666666666667,False,5,0.10869565217391304,1
37,1,78713,48,1,0,0,1,0,0,0,0,0,0,1,0,0,24.0,False,3,1.263157894736842,0
45,1,59734,96,4,1,0,0,0,0,0,0,0,1,0,1,0,19.2,False,0,2.0869565217391304,0
25,1,102588,3,3,1,0,0,0,1,0,0,0,0,1,0,0,0.75,False,2,0.11538461538461539,1
58,0,93646,47,6,0,0,0,0,0,0,0,0,1,0,0,0,6.714285714285714,False,5,0.7966101694915254,0
56,1,33654,62,3,0,1,0,0,0,0,1,0,0,1,0,0,15.5,False,3,1.087719298245614,0
18,1,119022,99,8,0,1,0,0,1,0,0,0,0,0,0,0,11.0,False,7,5.2105263157894735,0
20,1,48743,14,1,1,0,0,0,1,0,0,1,0,1,0,0,7.0,False,2,0.6666666666666666,1
30,1,78368,63,5,0,0,0,1,1,0,0,1,0,1,0,0,10.5,False,5,2.032258064516129,0
45,0,120025,61,6,1,0,0,0,0,0,0,0,0,0,0,1,8.714285714285714,False,2,1.326086956521739,0
66,0,104172,31,3,0,0,0,0,1,0,1,0,0,0,0,1,7.75,False,5,0.4626865671641791,0
42,0,36441,95,5,0,0,1,0,1,0,1,0,0,0,1,0,15.833333333333334,False,5,2.2093023255813953,0
50,0,149735,17,6,0,0,0,0,0,0,0,1,0,0,0,1,2.4285714285714284,False,5,0.3333333333333333,1
55,1,54611,24,3,0,0,1,0,1,0,0,0,0,1,0,0,6.0,False,5,0.42857142857142855,1
23,0,149891,23,7,0,0,0,0,0,1,1,0,0,0,0,1,2.875,False,5,0.9583333333333334,1
61,1,137971,82,8,0,1,1,0,0,0,0,1,0,1,0,0,9.11111111111111,True,5,1.3225806451612903,0
62,1,42149,50,0,0,1,0,1,0,0,0,0,1,0,0,0,50.0,False,3,0.7936507936507936,0
49,1,130102,78,6,1,1,1,0,0,1,0,0,0,1,0,0,11.142857142857142,True,2,1.56,0
62,1,89189,79,8,0,1,1,0,1,0,0,0,1,0,1,0,8.777777777777779,False,7,1.253968253968254,0
64,1,137904,79,9,1,1,0,0,0,0,0,0,1,0,0,0,7.9,False,2,1.2153846153846153,0
38,0,51675,70,4,0,0,1,0,1,0,1,0,0,0,1,0,14.0,False,5,1.794871794871795,0
33,0,101031,27,1,0,0,0,0,0,0,1,0,0,0,1,0,13.5,False,3,0.7941176470588235,1
38,0,72668,15,9,0,0,0,0,0,0,1,0,0,0,1,0,1.5,False,5,0.38461538461538464,1
28,0,43673,50,5,0,1,0,0,0,0,0,0,0,0,0,1,8.333333333333334,False,3,1.7241379310344827,0
54,1,106666,36,6,1,0,0,1,0,1,0,0,1,0,1,0,5.142857142857143,False,2,0.6545454545454545,0
53,0,118204,8,1,0,0,0,0,0,1,0,0,0,0,0,0,4.0,False,3,0.14814814814814814,1
52,1,110758,79,1,0,1,0,1,0,0,1,0,0,1,0,0,39.5,False,3,1.490566037735849,0
36,0,95429,3,9,0,0,0,1,0,0,0,0,1,0,1,0,0.3,False,5,0.08108108108108109,1
37,1,53669,62,9,0,1,0,1,0,0,0,0,0,0,0,0,6.2,False,5,1.631578947368421,0
35,1,64068,47,0,0,0,1,0,0,1,0,0,0,0,1,0,47.0,False,3,1.3055555555555556,0
64,0,118789,77,3,0,0,0,0,0,1,0,1,0,1,0,0,19.25,False,3,1.1846153846153846,0
58,1,39435,98,6,1,0,0,0,1,0,0,0,0,0,0,0,14.0,False,4,1.6610169491525424,0
66,1,124088,88,8,1,0,0,0,1,0,1,0,0,0,0,0,9.777777777777779,False,4,1.3134328358208955,0
31,0,82249,96,2,0,0,0,0,1,0,0,0,0,1,0,0,32.0,False,5,3.0,0
32,1,67384,61,6,0,0,0,0,0,0,0,0,1,0,0,0,8.714285714285714,False,5,1.8484848484848484,0
48,0,111929,32,6,0,0,0,0,0,0,0,0,0,1,0,0,4.571428571428571,False,5,0.6530612244897959,0
18,0,106153,94,6,0,1,0,0,0,0,0,1,0,0,0,0,13.428571428571429,False,5,4.947368421052632,0
20,0,134056,13,1,0,1,1,0,1,0,0,0,1,0,0,0,6.5,True,5,0.6190476190476191,1
33,1,105388,1,5,0,0,0,1,1,0,0,0,1,1,0,0,0.16666666666666666,False,5,0.029411764705882353,1
40,1,61401,34,1,1,0,0,0,0,0,0,1,0,1,0,0,17.0,False,0,0.8292682926829268,0
28,1,101831,62,5,1,0,0,1,0,1,1,0,0,0,0,0,10.333333333333334,False,0,2.1379310344827585,0
29,0,149503,79,9,0,1,0,0,0,0,0,0,1,0,0,0,7.9,False,5,2.6333333333333333,0
27,1,145760,78,2,0,0,0,0,0,0,1,0,0,1,0,0,26.0,False,3,2.7857142857142856,0
49,0,131529,93,1,0,0,0,1,1,0,0,0,1,0,0,1,46.5,False,5,1.86,0
33,0,64084,98,5,0,0,0,0,1,0,0,0,1,1,0,0,16.333333333333332,False,5,2.8823529411764706,0
25,1,140641,82,1,1,0,0,0,1,0,1,0,0,0,0,0,41.0,False,2,3.1538461538461537,0
55,0,135111,71,4,0,0,1,0,0,0,0,0,1,0,0,0,14.2,True,3,1.2678571428571428,0
29,1,85826,93,1,1,1,1,0,0,0,1,0,0,0,0,0,46.5,False,0,3.1,0
41,1,66451,31,2,0,0,0,1,1,0,0,1,0,1,0,0,10.333333333333334,False,5,0.7380952380952381,0
45,1,37227,64,2,0,0,0,1,0,0,1,0,0,0,0,0,21.333333333333332,False,3,1.391304347826087,0
25,1,61910,25,5,0,0,0,1,0,0,0,1,0,0,0,1,4.166666666666667,False,3,0.9615384615384616,1
45,1,66041,38,5,0,0,0,0,1,0,0,0,1,0,1,0,6.333333333333333,False,5,0.8260869565217391,0
53,0,118920,14,9,1,0,0,0,0,0,1,0,0,0,0,1,1.4,False,2,0.25925925925925924,1
43,0,95681,8,2,0,0,0,0,1,0,0,0,1,1,0,0,2.6666666666666665,False,5,0.18181818181818182,1
25,0,133314,91,2,0,0,0,0,1,0,1,0,0,0,0,0,30.333333333333332,False,5,3.5,0
67,1,111571,54,0,0,0,0,1,0,0,0,1,0,1,0,0,54.0,False,3,0.7941176470588235,0
45,1,95481,2,6,0,0,0,0,0,0,0,1,0,0,1,0,0.2857142857142857,False,5,0.043478260869565216,1
45,1,98576,81,7,0,0,1,0,1,0,1,0,0,1,0,0,10.125,True,7,1.7608695652173914,0
54,0,137958,78,1,0,0,1,0,1,0,0,1,0,0,0,0,39.0,True,5,1.4181818181818182,0
58,1,94174,89,3,1,0,0,1,1,0,0,0,1,0,1,0,22.25,False,2,1.5084745762711864,0
53,0,56160,56,9,0,0,0,1,1,0,0,0,1,0,1,0,5.6,False,7,1.037037037037037,0
44,0,145170,94,6,1,1,1,0,1,0,0,0,0,0,0,0,13.428571428571429,True,4,2.088888888888889,0
34,1,147867,93,7,0,0,0,0,0,1,0,1,0,0,0,0,11.625,False,5,2.657142857142857,0
26,1,47633,84,0,0,1,0,1,0,0,0,0,1,0,0,0,84.0,False,3,3.111111111111111,0
50,0,124880,85,3,0,0,0,0,0,0,1,0,0,1,0,0,21.25,False,3,1.6666666666666667,0
37,1,47014,61,5,0,0,0,1,0,0,0,1,0,0,0,1,10.166666666666666,False,3,1.605263157894737,0
30,0,110532,22,2,0,0,0,0,0,0,0,0,1,1,0,0,7.333333333333333,False,3,0.7096774193548387,1
45,1,79104,35,4,1,0,1,0,0,0,0,1,0,1,0,0,7.0,False,0,0.7608695652173914,0
65,1,71621,16,9,0,0,1,0,0,0,1,0,0,0,0,1,1.6,False,5,0.24242424242424243,1
46,0,107231,50,8,0,0,0,0,0,1,0,0,1,0,0,0,5.555555555555555,False,5,1.0638297872340425,0
30,1,98388,43,2,0,1,0,0,0,0,0,0,0,0,0,0,14.333333333333334,False,3,1.3870967741935485,0
63,0,46014,17,4,1,1,1,0,0,0,0,0,0,0,0,1,3.4,False,0,0.265625,1
52,1,122578,80,7,0,0,0,0,0,0,0,1,0,0,0,1,10.0,False,5,1.509433962264151,0
23,0,63755,58,5,0,0,1,0,0,0,1,0,0,1,0,0,9.666666666666666,False,3,2.4166666666666665,0
35,0,70390,2,3,0,1,0,1,0,0,0,0,1,0,1,0,0.5,False,3,0.05555555555555555,1
68,1,53711,4,7,0,1,0,0,0,0,1,0,0,0,0,1,0.5,False,5,0.057971014492753624,1
22,0,121658,85,2,0,0,0,0,0,0,0,0,1,1,0,0,28.333333333333332,False,3,3.6956521739130435,0
64,1,87993,39,2,0,0,0,0,1,0,0,1,0,0,1,0,13.0,False,5,0.6,0
42,1,104696,98,3,0,0,0,1,0,1,0,0,1,0,0,0,24.5,False,3,2.2790697674418605,0
19,1,57213,94,8,1,1,0,0,0,1,1,0,0,0,0,0,10.444444444444445,False,2,4.7,0
27,0,145788,6,4,1,1,0,1,1,0,1,0,0,1,0,0,1.2,False,2,0.21428571428571427,1
47,0,134956,81,7,0,0,0,0,0,0,0,1,0,1,0,0,10.125,False,5,1.6875,0
67,1,87784,89,5,1,0,0,1,0,1,1,0,0,0,0,1,14.833333333333334,False,0,1.3088235294117647,0
62,1,37421,69,2,0,0,1,0,0,1,0,0,1,0,0,0,23.0,False,3,1.0952380952380953,0
22,0,116936,69,7,0,0,1,0,0,0,0,1,0,1,0,0,8.625,True,5,3.0,0
50,1,129073,20,8,1,0,0,0,1,0,0,0,1,0,0,0,2.2222222222222223,False,4,0.39215686274509803,1
18,1,47727,64,7,0,1,1,0,0,0,1,0,0,0,0,0,8.0,False,5,3.3684210526315788,0
35,0,142418,16,3,0,0,0,1,1,0,0,1,0,0,0,1,4.0,False,5,0.4444444444444444,1
49,1,34358,51,5,0,0,0,1,0,1,0,0,1,0,1,0,8.5,False,3,1.02,0
64,0,95108,37,0,0,0,1,0,0,0,1,0,0,0,0,1,37.0,True,3,0.5692307692307692,0
66,1,124018,73,3,0,0,0,0,0,1,1,0,0,1,0,0,18.25,False,3,1.0895522388059702,0
28,0,62117,69,7,0,0,0,0,1,0,0,0,0,0,0,1,8.625,False,7,2.3793103448275863,0
38,1,118700,42,0,0,1,1,0,0,1,1,0,0,0,0,1,42.0,True,3,1.0769230769230769,0
43,1,61910,57,2,0,0,0,0,0,0,0,0,1,0,0,0,19.0,False,3,1.2954545454545454,0
42,0,128032,66,0,1,0,1,0,1,0,0,1,0,0,0,1,66.0,True,2,1.5348837209302326,0
39,1,85754,9,8,1,0,1,0,0,0,0,0,0,1,0,0,1.0,False,2,0.225,1
44,0,92438,86,1,0,0,0,0,0,0,1,0,0,0,1,0,43.0,False,3,1.9111111111111112,0
66,1,139847,64,8,1,0,1,0,0,0,1,0,0,0,0,1,7.111111111111111,True,2,0.9552238805970149,0
30,0,59371,86,3,1,0,0,0,0,1,1,0,0,0,0,1,21.5,False,0,2.774193548387097,0
50,0,81501,22,1,0,0,0,1,1,0,0,0,1,0,1,0,11.0,False,5,0.43137254901960786,1
51,0,90946,34,3,1,1,0,1,0,1,0,0,0,1,0,0,8.5,False,0,0.6538461538461539,0
58,0,68467,55,9,0,0,1,0,0,1,0,0,1,1,0,0,5.5,False,5,0.9322033898305084,0
52,1,47625,29,5,0,1,0,0,0,0,0,0,0,0,0,1,4.833333333333333,False,3,0.5471698113207547,1
18,1,63893,38,6,0,0,0,0,0,0,0,1,0,0,0,0,5.428571428571429,False,5,2.0,0
38,0,106329,97,2,0,0,0,1,0,0,0,0,1,0,0,1,32.333333333333336,False,3,2.4871794871794872,0
65,0,61007,18,2,1,0,0,1,0,0,0,0,1,0,1,0,6.0,False,0,0.2727272727272727,1
23,0,121302,71,9,0,0,0,1,0,0,0,1,0,0,1,0,7.1,False,5,2.9583333333333335,0
45,1,69532,65,7,0,0,0,0,0,0,0,0,0,0,1,0,8.125,False,5,1.4130434782608696,0
34,1,84253,97,4,0,1,0,0,0,0,1,0,0,0,0,1,19.4,False,3,2.7714285714285714,0
22,1,42323,1,3,0,0,0,0,0,0,0,1,0,0,0,1,0.25,False,3,0.043478260869565216,1
48,1,141335,88,6,0,1,1,0,0,0,1,0,0,1,0,0,12.571428571428571,True,5,1.7959183673469388,0
22,0,142356,4,6,0,0,0,0,0,0,1,0,0,0,0,0,0.5714285714285714,False,5,0.17391304347826086,1
55,0,140944,4,8,1,0,0,0,0,1,0,1,0,0,0,1,0.4444444444444444,False,2,0.07142857142857142,1
20,0,103379,82,8,0,0,1,0,1,0,0,0,0,1,0,0,9.11111111111111,True,7,3.9047619047619047,0
40,1,44210,27,4,0,0,0,0,0,1,1,0,0,0,0,1,5.4,False,3,0.6585365853658537,1
54,1,46456,43,7,1,1,1,0,0,0,0,1,0,1,0,0,5.375,False,2,0.7818181818181819,0
54,1,61367,59,9,0,1,0,1,0,0,0,0,1,1,0,0,5.9,False,5,1.0727272727272728,0
27,0,84624,32,0,1,0,1,0,1,0,0,0,1,0,0,0,32.0,False,2,1.1428571428571428,0
27,0,40106,33,8,0,0,0,0,0,0,0,0,1,0,0,1,3.6666666666666665,False,5,1.1785714285714286,0
36,1,133493,28,7,0,1,0,0,0,0,0,1,0,1,0,0,3.5,False,5,0.7567567567567568,1
34,0,98008,55,5,1,0,0,1,0,0,0,0,1,0,1,0,9.166666666666666,False,0,1.5714285714285714,0
38,1,145395,60,2,0,0,1,0,0,0,1,0,0,0,1,0,20.0,True,3,1.5384615384615385,0
31,1,146492,70,2,1,1,0,1,0,0,0,0,1,0,1,0,23.333333333333332,False,0,2.1875,0
26,0,102240,62,7,0,0,0,0,0,0,0,0,1,0,0,0,7.75,False,5,2.2962962962962963,0
63,1,94315,80,4,1,1,0,1,1,0,1,0,0,1,0,0,16.0,False,2,1.25,0
18,0,99249,34,9,0,0,0,1,0,0,0,0,1,0,0,0,3.4,False,5,1.7894736842105263,0
68,1,100587,87,6,0,0,0,1,0,0,1,0,0,0,0,1,12.428571428571429,False,5,1.2608695652173914,0
62,0,40756,88,4,0,0,0,1,1,0,0,0,1,0,0,1,17.6,False,5,1.3968253968253967,0
30,0,98011,56,7,0,0,1,0,0,0,1,0,0,1,0,0,7.0,True,5,1.8064516129032258,0
21,0,66378,13,9,0,1,0,1,0,0,0,0,1,0,1,0,1.3,False,5,0.5909090909090909,1
18,1,34255,56,9,0,0,0,0,0,1,1,0,0,1,0,0,5.6,False,5,2.9473684210526314,0
66,1,44484,18,3,0,0,0,0,0,0,0,1,0,1,0,0,4.5,False,3,0.26865671641791045,1
57,0,86549,54,1,0,1,0,0,0,0,1,0,0,1,0,0,27.0,False,3,0.9310344827586207,0
49,0,64503,77,2,0,0,0,0,0,0,0,0,1,0,0,0,25.666666666666668,False,3,1.54,0
51,1,103794,43,7,1,0,0,0,0,0,0,0,1,0,0,1,5.375,False,2,0.8269230769230769,0
45,1,136283,39,6,0,0,0,0,0,0,0,0,0,1,0,0,5.571428571428571,False,5,0.8478260869565217,0
48,1,130732,61,1,1,0,0,0,1,0,1,0,0,1,0,0,30.5,False,2,1.2448979591836735,0
25,0,75113,42,5,0,0,0,0,0,0,0,1,0,1,0,0,7.0,False,3,1.6153846153846154,0
56,1,135730,81,8,0,0,1,0,0,0,1,0,0,0,0,0,9.0,True,5,1.4210526315789473,0
43,1,104069,79,3,0,0,1,0,0,0,1,0,0,0,0,0,19.75,True,3,1.7954545454545454,0
51,0,128117,18,8,1,0,0,0,0,0,0,1,0,0,0,0,2.0,False,2,0.34615384615384615,1
20,1,35249,23,1,1,0,1,0,1,0,1,0,0,1,0,0,11.5,False,2,1.0952380952380953,1
67,1,149979,54,1,0,0,0,1,0,0,0,1,0,0,1,0,27.0,False,3,0.7941176470588235,0
29,1,49201,30,8,0,0,0,0,0,0,0,1,0,0,1,0,3.3333333333333335,False,5,1.0,0
18,0,88576,98,6,0,0,0,0,0,0,1,0,0,0,1,0,14.0,False,5,5.157894736842105,0
61,0,148562,58,6,0,0,0,1,0,0,1,0,0,0,0,1,8.285714285714286,False,5,0.9354838709677419,0
22,0,39686,68,0,0,0,0,1,0,0,0,0,1,1,0,0,68.0,False,3,2.9565217391304346,0
47,0,142413,67,5,0,0,0,1,1,0,0,0,1,0,1,0,11.166666666666666,False,5,1.3958333333333333,0
47,0,83363,71,6,1,0,0,0,0,0,0,0,0,0,1,0,10.142857142857142,False,2,1.4791666666666667,0
34,0,127543,18,5,0,0,0,0,0,0,0,0,0,0,1,0,3.0,False,3,0.5142857142857142,1
65,0,30661,7,5,1,0,0,0,0,0,1,0,0,1,0,0,1.1666666666666667,False,0,0.10606060606060606,1
64,1,74843,40,1,0,1,0,0,1,0,0,1,0,0,1,0,20.0,False,5,0.6153846153846154,0
40,1,125673,70,5,1,0,0,0,0,0,0,0,0,0,1,0,11.666666666666666,False,0,1.7073170731707317,0
32,0,90963,86,3,0,0,0,0,1,0,1,0,0,1,0,0,21.5,False,5,2.606060606060606,0
54,1,143092,65,8,1,0,1,0,1,0,0,0,0,0,0,1,7.222222222222222,True,4,1.1818181818181819,0
38,1,72828,68,0,1,0,1,0,0,1,0,1,0,0,0,0,68.0,False,0,1.7435897435897436,0
31,0,78604,49,7,0,1,0,0,0,0,1,0,0,0,1,0,6.125,False,5,1.53125,0
19,1,40526,52,4,1,0,1,0,0,0,0,1,0,0,0,0,10.4,False,0,2.6,0
28,1,98910,29,0,1,0,0,0,1,0,1,0,0,0,0,1,29.0,False,2,1.0,1
68,1,55592,21,3,0,1,0,0,0,1,0,0,0,0,0,1,5.25,False,3,0.30434782608695654,1
56,1,58982,90,0,1,0,0,0,0,1,0,0,1,0,1,0,90.0,False,0,1.5789473684210527,0
55,1,30207,78,5,1,0,0,1,0,0,0,0,0,1,0,0,13.0,False,0,1.3928571428571428,0
51,0,130969,9,1,0,0,1,0,0,0,0,0,0,0,0,1,4.5,True,3,0.17307692307692307,1
55,0,147181,47,4,0,0,0,1,0,0,0,0,1,0,0,0,9.4,False,3,0.8392857142857143,0
67,0,118733,76,6,0,0,0,0,1,0,0,0,1,0,0,0,10.857142857142858,False,7,1.1176470588235294,0
51,1,128936,42,1,0,0,0,1,0,0,1,0,0,0,0,0,21.0,False,3,0.8076923076923077,0
35,0,98619,51,5,0,1,0,0,0,0,1,0,0,0,0,0,8.5,False,3,1.4166666666666667,0
47,1,59328,56,5,1,0,1,0,1,0,0,1,0,0,0,1,9.333333333333334,False,2,1.1666666666666667,0
32,1,76479,51,4,0,0,0,1,0,0,0,1,0,0,1,0,10.2,False,3,1.5454545454545454,0
44,1,138427,70,4,0,0,0,0,0,1,0,0,0,0,1,0,14.0,False,3,1.5555555555555556,0
68,1,50103,20,2,0,0,0,1,0,0,0,0,1,0,0,0,6.666666666666667,False,3,0.2898550724637681,1
51,0,69891,88,9,0,0,0,1,0,0,0,1,0,0,1,0,8.8,False,5,1.6923076923076923,0
69,0,40754,27,9,1,0,0,0,0,0,0,0,0,0,0,0,2.7,False,2,0.38571428571428573,1
55,1,129983,38,1,0,0,0,1,1,0,0,0,1,0,0,0,19.0,False,5,0.6785714285714286,0
50,0,111437,72,6,0,0,0,0,0,0,1,0,0,1,0,0,10.285714285714286,False,5,1.411764705882353,0
41,1,128540,65,0,0,0,0,1,0,0,0,0,0,0,0,1,65.0,False,3,1.5476190476190477,0
32,0,102982,54,5,1,0,1,0,0,1,1,0,0,0,0,1,9.0,True,0,1.6363636363636365,0
47,0,132747,24,5,1,0,1,0,0,0,0,1,0,0,0,0,4.0,True,0,0.5,1
59,1,85922,47,2,1,0,0,1,0,0,0,1,0,0,0,1,15.666666666666666,False,0,0.7833333333333333,0
68,0,78231,71,1,0,0,0,1,0,0,0,0,1,0,1,0,35.5,False,3,1.0289855072463767,0
34,1,59301,83,1,1,0,0,0,0,0,0,0,0,0,0,0,41.5,False,0,2.3714285714285714,0
22,0,121652,86,8,1,0,0,1,1,0,1,0,0,1,0,0,9.555555555555555,False,4,3.739130434782609,0
46,1,92711,63,4,0,0,0,0,0,0,0,0,1,0,1,0,12.6,False,3,1.3404255319148937,0
21,1,71323,57,6,1,0,0,0,0,0,0,1,0,1,0,0,8.142857142857142,False,2,2.590909090909091,0
27,0,48752,55,4,0,0,0,0,0,0,0,1,0,1,0,0,11.0,False,3,1.9642857142857142,0
34,0,127912,60,6,0,0,0,0,1,0,0,0,0,0,0,1,8.571428571428571,False,7,1.7142857142857142,0
27,1,112205,99,3,0,0,0,1,0,0,1,0,0,0,0,1,24.75,False,3,3.5357142857142856,0
34,0,128452,62,7,0,0,0,0,0,0,0,0,0,0,0,0,7.75,False,5,1.7714285714285714,0
37,0,43395,30,9,0,0,0,1,0,0,1,0,0,0,0,1,3.0,False,5,0.7894736842105263,0
41,1,115957,93,9,0,0,0,0,0,0,1,0,0,1,0,0,9.3,False,5,2.2142857142857144,0
22,1,86273,22,6,1,1,0,0,0,0,0,0,0,1,0,0,3.142857142857143,False,2,0.9565217391304348,1
51,0,121878,75,9,1,0,0,1,0,0,0,0,1,0,1,0,7.5,False,2,1.4423076923076923,0
23,1,34895,84,4,1,1,0,0,1,0,0,0,0,1,0,0,16.8,False,2,3.5,0
19,1,149968,29,5,0,0,0,0,0,0,0,0,0,0,0,0,4.833333333333333,False,3,1.45,1
30,1,145700,41,4,0,0,0,1,0,1,0,1,0,0,0,0,8.2,False,3,1.3225806451612903,0
60,0,106559,42,6,0,0,0,0,0,1,0,1,0,0,0,1,6.0,False,5,0.6885245901639344,0
60,0,40699,98,1,0,0,1,0,0,0,0,0,0,0,0,1,49.0,False,3,1.6065573770491803,0
65,1,95061,65,4,1,0,0,0,0,0,0,0,0,0,0,1,13.0,False,0,0.9848484848484849,0
28,0,39715,31,9,0,0,0,0,0,0,0,1,0,0,0,0,3.1,False,5,1.0689655172413792,0
68,1,49169,30,2,0,1,0,1,1,0,1,0,0,1,0,0,10.0,False,5,0.43478260869565216,0
64,0,148413,18,8,1,0,0,0,0,0,0,0,0,0,0,1,2.0,False,2,0.27692307692307694,1
40,1,46163,17,5,0,0,0,0,0,0,0,0,1,0,1,0,2.8333333333333335,False,3,0.4146341463414634,1
33,1,149264,38,9,1,1,0,0,0,0,0,0,1,0,0,1,3.8,False,2,1.1176470588235294,0
48,0,35782,14,2,0,0,0,0,1,0,0,0,1,0,0,0,4.666666666666667,False,5,0.2857142857142857,1
28,1,118177,87,6,0,1,1,0,1,0,0,0,0,0,0,1,12.428571428571429,True,7,3.0,0
33,0,114328,89,3,1,0,0,0,0,0,1,0,0,1,0,0,22.25,False,0,2.6176470588235294,0
25,0,145028,79,2,0,1,0,1,1,0,1,0,0,0,0,1,26.333333333333332,False,5,3.0384615384615383,0
21,1,65585,56,7,0,1,1,0,0,0,0,1,0,0,0,0,7.0,False,5,2.5454545454545454,0
57,1,60682,22,3,0,1,0,0,0,0,0,0,0,0,0,0,5.5,False,3,0.3793103448275862,1
21,0,77864,67,0,0,0,1,0,0,1,1,0,0,0,1,0,67.0,False,3,3.0454545454545454,0
42,1,114416,56,5,1,0,0,0,0,0,0,0,0,0,0,0,9.333333333333334,False,0,1.302325581395349,0
20,1,85114,19,9,0,0,1,0,0,0,0,1,0,0,1,0,1.9,False,5,0.9047619047619048,1
49,1,68067,57,0,0,0,0,0,0,0,0,1,0,1,0,0,57.0,False,3,1.14,0
20,1,72685,44,4,0,0,0,1,0,1,0,1,0,0,0,0,8.8,False,3,2.0952380952380953,0
44,1,48073,98,6,1,0,0,0,1,0,0,0,1,0,0,1,14.0,False,4,2.1777777777777776,0
46,0,66035,35,5,0,0,0,0,1,0,0,0,0,1,0,0,5.833333333333333,False,5,0.7446808510638298,0
49,0,94977,1,1,0,0,0,1,1,0,0,1,0,0,0,1,0.5,False,5,0.02,1
67,1,132710,52,3,1,0,0,1,0,0,0,0,0,0,0,1,13.0,False,0,0.7647058823529411,0
68,1,120373,85,1,0,0,0,0,0,0,0,0,1,0,0,1,42.5,False,3,1.2318840579710144,0
36,1,113362,93,0,1,0,0,0,0,0,0,0,1,1,0,0,93.0,False,0,2.5135135135135136,0
38,0,120517,70,2,0,1,0,1,0,0,0,1,0,1,0,0,23.333333333333332,False,3,1.794871794871795,0
22,1,95450,37,2,1,0,0,1,0,0,0,1,0,0,0,0,12.333333333333334,False,0,1.608695652173913,0
35,0,40382,65,6,0,1,1,0,0,1,1,0,0,0,0,1,9.285714285714286,False,5,1.8055555555555556,0
45,0,34437,51,0,0,0,0,1,0,0,0,0,0,0,1,0,51.0,False,3,1.108695652173913,0
59,0,100971,1,8,0,0,1,0,0,0,0,1,0,0,0,0,0.1111111111111111,True,5,0.016666666666666666,1
39,1,94612,91,5,0,0,0,1,0,0,1,0,0,1,0,0,15.166666666666666,False,3,2.275,0
38,0,120355,21,3,0,0,0,0,0,0,0,0,0,0,1,0,5.25,False,3,0.5384615384615384,1
23,1,91929,53,2,0,0,0,0,0,1,0,1,0,1,0,0,17.666666666666668,False,3,2.2083333333333335,0
18,0,132411,16,2,1,0,0,1,0,0,1,0,0,0,1,0,5.333333333333333,False,0,0.8421052631578947,1
22,1,127518,61,1,1,0,0,1,0,0,1,0,0,0,0,0,30.5,False,0,2.652173913043478,0
58,0,128864,54,1,0,0,0,0,1,0,0,0,0,0,1,0,27.0,False,5,0.9152542372881356,0
29,1,42329,40,9,1,0,0,0,0,0,1,0,0,0,0,0,4.0,False,2,1.3333333333333333,0
43,0,55169,26,4,0,0,1,0,0,0,0,0,0,1,0,0,5.2,False,3,0.5909090909090909,1
63,1,117468,80,8,0,0,0,1,0,0,0,0,0,0,1,0,8.88888888888889,False,5,1.25,0
51,1,64594,92,1,1,0,0,0,0,0,0,0,0,0,0,1,46.0,False,0,1.7692307692307692,0
66,1,106957,65,1,0,0,0,0,0,1,0,0,1,0,0,1,32.5,False,3,0.9701492537313433,0
31,1,90631,74,5,0,0,0,0,1,0,1,0,0,1,0,0,12.333333333333334,False,5,2.3125,0
43,0,75033,64,9,0,0,0,0,0,0,0,0,0,0,1,0,6.4,False,5,1.4545454545454546,0
62,0,93133,43,1,0,1,0,0,1,0,0,1,0,0,0,1,21.5,False,5,0.6825396825396826,0
44,1,103165,17,3,0,0,0,0,0,0,0,0,1,0,0,0,4.25,False,3,0.37777777777777777,1
26,0,103861,59,5,1,1,0,1,0,0,0,0,1,0,1,0,9.833333333333334,False,0,2.185185185185185,0
43,1,82290,23,4,0,0,0,0,0,0,1,0,0,0,1,0,4.6,False,3,0.5227272727272727,1
64,1,124031,7,0,0,0,1,0,0,0,0,0,0,0,0,1,7.0,True,3,0.1076923076923077,1
39,0,61750,44,5,0,0,1,0,0,0,1,0,0,0,0,0,7.333333333333333,False,3,1.1,0
64,1,125155,53,0,1,0,0,0,1,0,0,0,1,0,0,0,53.0,False,2,0.8153846153846154,0
47,1,70461,71,2,1,1,0,1,0,1,0,0,0,0,0,0,23.666666666666668,False,0,1.4791666666666667,0
60,0,103800,79,9,0,0,0,0,0,0,0,1,0,0,1,0,7.9,False,5,1.2950819672131149,0
65,1,108222,34,4,0,0,1,0,0,0,0,0,0,1,0,0,6.8,True,3,0.5151515151515151,0
34,1,142020,46,9,0,0,0,0,0,0,0,0,1,0,1,0,4.6,False,5,1.3142857142857143,0
43,1,54226,68,4,0,0,0,1,0,0,0,1,0,0,1,0,13.6,False,3,1.5454545454545454,0
53,1,36721,78,9,0,0,0,1,0,0,0,0,0,0,0,1,7.8,False,5,1.4444444444444444,0
18,0,86154,78,5,0,0,0,0,0,0,0,1,0,1,0,0,13.0,False,3,4.105263157894737,0
25,0,50609,16,9,1,0,0,0,1,0,0,1,0,0,0,0,1.6,False,4,0.6153846153846154,1
66,0,82130,71,7,1,1,0,1,0,0,0,0,1,0,0,1,8.875,False,2,1.0597014925373134,0
52,1,102909,96,4,1,1,0,1,0,0,0,1,0,0,1,0,19.2,False,0,1.8113207547169812,0
69,1,134211,19,0,0,0,0,0,0,0,1,0,0,1,0,0,19.0,False,3,0.2714285714285714,1
32,0,85249,2,4,0,0,0,1,0,0,0,0,1,0,0,0,0.4,False,3,0.06060606060606061,1
64,1,78895,10,2,0,0,0,0,0,0,1,0,0,0,0,0,3.3333333333333335,False,3,0.15384615384615385,1
39,1,124473,50,3,0,0,0,1,1,0,0,1,0,0,1,0,12.5,False,5,1.25,0
31,1,35656,81,7,0,0,0,0,0,0,1,0,0,0,0,0,10.125,False,5,2.53125,0
43,1,104520,12,6,0,1,1,0,1,0,0,0,0,0,0,0,1.7142857142857142,True,7,0.2727272727272727,1
45,0,93740,70,4,0,0,0,0,0,0,0,1,0,1,0,0,14.0,False,3,1.5217391304347827,0
40,0,94309,22,1,1,0,0,0,0,0,0,0,0,0,0,1,11.0,False,0,0.5365853658536586,1
31,0,59984,32,5,1,1,0,0,0,0,1,0,0,1,0,0,5.333333333333333,False,0,1.0,0
41,1,148947,84,5,0,0,0,0,1,0,0,0,0,0,0,1,14.0,False,5,2.0,0
19,0,103822,1,9,0,0,0,1,0,0,0,1,0,0,0,1,0.1,False,5,0.05,1
62,0,35901,54,9,0,0,0,0,1,0,0,0,0,0,0,1,5.4,False,7,0.8571428571428571,0
43,1,61552,58,5,0,0,1,0,0,0,1,0,0,0,0,0,9.666666666666666,False,3,1.3181818181818181,0
31,1,121245,70,8,0,0,0,0,1,0,1,0,0,1,0,0,7.777777777777778,False,7,2.1875,0
68,0,61055,83,7,1,0,0,0,0,0,1,0,0,0,0,0,10.375,False,2,1.2028985507246377,0
24,0,67685,18,7,1,0,0,0,1,0,0,1,0,0,1,0,2.25,False,4,0.72,1
20,0,103965,6,0,1,0,0,0,0,0,1,0,0,1,0,0,6.0,False,0,0.2857142857142857,1
64,0,44716,45,4,0,0,0,0,0,1,0,1,0,0,0,1,9.0,False,3,0.6923076923076923,0
40,1,144099,97,6,1,0,0,0,0,0,0,0,0,0,0,0,13.857142857142858,False,2,2.3658536585365852,0
63,0,41138,23,5,0,0,0,0,0,0,1,0,0,0,0,0,3.8333333333333335,False,3,0.359375,1
60,0,65298,23,4,0,1,0,0,0,0,0,0,0,1,0,0,4.6,False,3,0.3770491803278688,1
64,1,81112,26,7,0,0,0,1,1,0,0,0,1,1,0,0,3.25,False,7,0.4,1
62,0,53429,77,2,1,0,0,1,0,0,0,0,0,0,0,1,25.666666666666668,False,0,1.2222222222222223,0
35,1,80200,7,5,0,0,0,0,1,0,0,0,1,0,0,1,1.1666666666666667,False,5,0.19444444444444445,1
55,1,101308,79,4,0,1,0,0,0,0,0,0,0,0,1,0,15.8,False,3,1.4107142857142858,0
